from	entry	name	symbols	symbol	gene_id
Q6PJ73	Q6PJ73	Q6PJ73_HUMAN	DPF1	DPF1	8193
B4DVB7	B4DVB7	B4DVB7_HUMAN	NA	NA	NA
K7ELJ7	K7ELJ7	K7ELJ7_HUMAN	CAPNS1	CAPNS1	826
B7Z5S9	B7Z5S9	B7Z5S9_HUMAN	NA	NA	NA
Q53G19	Q53G19	Q53G19_HUMAN	NA	NA	NA
B7Z4C8	B7Z4C8	B7Z4C8_HUMAN	RPL31	RPL31	6160
A0A024RCT1	A0A024RCT1	A0A024RCT1_HUMAN	TAPBP hCG_17519	TAPBP	6892
B4E2U0	B4E2U0	B4E2U0_HUMAN	NA	NA	5226
Q8N6Z6	Q8N6Z6	Q8N6Z6_HUMAN	PIPOX	PIPOX	51268
B2R7D7	B2R7D7	B2R7D7_HUMAN	NA	NA	NA
A0A7P0Z491	A0A7P0Z491	A0A7P0Z491_HUMAN	ASPM	ASPM	259266
Q4W4Y1	Q4W4Y1	Q4W4Y1_HUMAN	DRIP4	DRIP4	NA
A0A024R3Z8	A0A024R3Z8	A0A024R3Z8_HUMAN	hCG_16983	hCG_16983	841
Q53GE1	Q53GE1	Q53GE1_HUMAN	NA	NA	8498
A0A140VK53	A0A140VK53	A0A140VK53_HUMAN	NA	NA	23524
E1NZA1	E1NZA1	E1NZA1_HUMAN	PRIC295	PRIC295	NA
A0A140VK39	A0A140VK39	A0A140VK39_HUMAN	NA	NA	51400
B3KTJ9	B3KTJ9	B3KTJ9_HUMAN	NA	NA	NA
B2R673	B2R673	B2R673_HUMAN	NA	NA	NA
A0A140VKF3	A0A140VKF3	A0A140VKF3_HUMAN	NA	NA	5176
B4DW90	B4DW90	B4DW90_HUMAN	NA	NA	10946
A0A087WTG3	A0A087WTG3	A0A087WTG3_HUMAN	NA	NA	NA
Q7Z355	Q7Z355	Q7Z355_HUMAN	DKFZp686L17145	DKFZp686L17145	NA
B3KM58	B3KM58	B3KM58_HUMAN	NA	NA	NA
F8VV59	F8VV59	F8VV59_HUMAN	NAP1L1	NAP1L1	4673
Q6ZQN2	Q6ZQN2	Q6ZQN2_HUMAN	NA	NA	NA
Q9BU08	Q9BU08	Q9BU08_HUMAN	NA	NA	NA
Q53F91	Q53F91	Q53F91_HUMAN	NA	NA	7429
B2R5B3	B2R5B3	B2R5B3_HUMAN	NA	NA	8969
H3BQK0	H3BQK0	H3BQK0_HUMAN	DDX19B hCG_1998531	DDX19B	11269
Q32P45	Q32P45	Q32P45_HUMAN	G3BP1	G3BP1	10146
Q1KLZ0	Q1KLZ0	Q1KLZ0_HUMAN	PS1TP5BP1 hCG_15971	PS1TP5BP1	60
Q5QTS3	Q5QTS3	Q5QTS3_HUMAN	NA	NA	NA
A8K6Q8	A8K6Q8	A8K6Q8_HUMAN	NA	NA	7037
G3V0E5	G3V0E5	G3V0E5_HUMAN	TFRC hCG_22086	TFRC	7037
A0A2R8YDH4	A0A2R8YDH4	A0A2R8YDH4_HUMAN	NA	NA	NA
E5RI99	E5RI99	E5RI99_HUMAN	RPL30	RPL30	6156
Q59GU6	Q59GU6	Q59GU6_HUMAN	NA	NA	NA
A0A6Q8PGN5	A0A6Q8PGN5	A0A6Q8PGN5_HUMAN	AARS1 AARS	AARS1	16
A0A024R3X4	A0A024R3X4	A0A024R3X4_HUMAN	HSPD1 hCG_2012240	HSPD1	3329
B4DT57	B4DT57	B4DT57_HUMAN	NA	NA	NA
A0A087WXF6	A0A087WXF6	A0A087WXF6_HUMAN	NA	NA	NA
K7EQA1	K7EQA1	K7EQA1_HUMAN	PDCD5	PDCD5	9141
I3L4M2	I3L4M2	I3L4M2_HUMAN	P4HB	P4HB	5034
Q53FN0	Q53FN0	Q53FN0_HUMAN	NA	NA	6427
H0YDN1	H0YDN1	H0YDN1_HUMAN	PLEC	PLEC	5339
Q59HH3	Q59HH3	Q59HH3_HUMAN	NA	NA	2618
B3KX72	B3KX72	B3KX72_HUMAN	NA	NA	NA
Q58F26	Q58F26	Q58F26_HUMAN	DHX9	DHX9	1660
A0A0G2JPR0	A0A0G2JPR0	A0A0G2JPR0_HUMAN	C4A	C4A	720
A0A3B3ITZ9	A0A3B3ITZ9	A0A3B3ITZ9_HUMAN	THRAP3	THRAP3	9967
C9JLU1	C9JLU1	C9JLU1_HUMAN	POLR2H	POLR2H	5437
A0A024R1T5	A0A024R1T5	A0A024R1T5_HUMAN	CNP hCG_1771539	CNP	1267
Q59EZ3	Q59EZ3	Q59EZ3_HUMAN	NA	NA	NA
A0A024R321	A0A024R321	A0A024R321_HUMAN	FLNB hCG_27732	FLNB	2317
J3KMX5	J3KMX5	J3KMX5_HUMAN	RPS13	RPS13	6207
A3R0T7	A3R0T7	A3R0T7_HUMAN	NA	NA	NA
A0A7P0MQS5	A0A7P0MQS5	A0A7P0MQS5_HUMAN	BAG6	BAG6	7917
H3BV85	H3BTW0	H3BTW0_HUMAN	BOLA2B BOLA2-SMG1P6	BOLA2B	654483
Q53HH2	Q53HH2	Q53HH2_HUMAN	NA	NA	NA
A0A7P0TAE9	A0A7P0TAE9	A0A7P0TAE9_HUMAN	CANX	CANX	821
B2RDY9	B2RDY9	B2RDY9_HUMAN	NA	NA	NA
A0A1W2PR14	A0A1W2PR14	A0A1W2PR14_HUMAN	CACNA1H	CACNA1H	8912
A9Z1X7	A9Z1X7	A9Z1X7_HUMAN	SRRM1	SRRM1	10250
X5D2T3	X5D2T3	X5D2T3_HUMAN	RPL10	RPL10	6134
E1B6W4	E1B6W4	E1B6W4_HUMAN	RSRC2	RSRC2	65117
A0A024R4I7	A0A024R4I7	A0A024R4I7_HUMAN	LZIC hCG_19054	LZIC	84328
B4DLN1	B4DLN1	B4DLN1_HUMAN	NA	NA	NA
A8K607	A8K607	A8K607_HUMAN	NA	NA	NA
A0A4D5RAC7	A0A4D5RAC7	A0A4D5RAC7_HUMAN	NA	NA	NA
B7Z809	B7Z809	B7Z809_HUMAN	NA	NA	NA
F8WC41	F8WC41	F8WC41_HUMAN	COMMD2	COMMD2	51122
A0A3B3IS84	A0A3B3IS84	A0A3B3IS84_HUMAN	COPA	COPA	1314
Q16577	Q16577	Q16577_HUMAN	PTI-1 EEF1A1L14	PTI-1	NA
A8MXP9	A8MXP9	A8MXP9_HUMAN	MATR3	MATR3	9782
A0A024R904	A0A024R904	A0A024R904_HUMAN	CACYBP hCG_2024873	CACYBP	27101
A0A024R2A7	A0A024R2A7	A0A024R2A7_HUMAN	LMAN1 hCG_1979190	LMAN1	3998
Q53G35	Q53G35	Q53G35_HUMAN	NA	NA	NA
B7Z6Q5	B7Z6Q5	B7Z6Q5_HUMAN	NA	NA	2720
B7Z7X3	B7Z7X3	B7Z7X3_HUMAN	NA	NA	4547
A0A5F9ZHE7	A0A5F9ZHE7	A0A5F9ZHE7_HUMAN	BBS9	BBS9	27241
A0A140VK41	A0A140VK41	A0A140VK41_HUMAN	NA	NA	5634
J3QL01	J3QL01	J3QL01_HUMAN	RPL38	RPL38	6169
Q14222	Q14222	Q14222_HUMAN	EEF1A	EEF1A	NA
Q59ET3	Q59ET3	Q59ET3_HUMAN	NA	NA	NA
V9HW01	V9HW01	V9HW01_HUMAN	HEL-S-310	HEL-S-310	6152
V9HWI6	V9HWI6	V9HWI6_HUMAN	HEL-S-51 GC	HEL-S-51	NA
Q8WW76	Q8WW76	Q8WW76_HUMAN	FGA	FGA	2243
D3DPI2	D3DPI2	D3DPI2_HUMAN	hCG_1641229	hCG_1641229	NA
A0A5F9ZHN9	A0A5F9ZHN9	A0A5F9ZHN9_HUMAN	ALDH3A2	ALDH3A2	224
E7ETY2	E7ETY2	E7ETY2_HUMAN	TCOF1	TCOF1	6949
A0A384MTJ7	A0A384MTJ7	A0A384MTJ7_HUMAN	NA	NA	219
A0A0D9SGF6	A0A0D9SGF6	A0A0D9SGF6_HUMAN	SPTAN1	SPTAN1	6709
A0A140VJP5	A0A140VJP5	A0A140VJP5_HUMAN	NA	NA	4144
A8K651	A8K651	A8K651_HUMAN	NA	NA	NA
E9PB90	E9PB90	E9PB90_HUMAN	HK2	HK2	3099
E9PDI4	E9PDI4	E9PDI4_HUMAN	LAD1	LAD1	3898
A8K8N7	A8K8N7	A8K8N7_HUMAN	PFAS hCG_31283	PFAS	5198
Q5W009	Q5W009	Q5W009_HUMAN	RBM17 hCG_24832	RBM17	84991
A8K8U1	A8K8U1	A8K8U1_HUMAN	NA	NA	NA
A0A024QZB4	A0A024QZB4	A0A024QZB4_HUMAN	hCG_1993905	hCG_1993905	NA
A0A087WYB4	A0A087WYB4	A0A087WYB4_HUMAN	STOML2	STOML2	30968
A0A024RC65	A0A024RC65	A0A024RC65_HUMAN	hCG_1991735	hCG_1991735	8826
Q53HC3	Q53HC3	Q53HC3_HUMAN	NA	NA	NA
Q8N7Z9	Q8N7Z9	Q8N7Z9_HUMAN	NA	NA	NA
A0A3B3ITT5	A0A3B3ITT5	A0A3B3ITT5_HUMAN	RPL29	RPL29	6159
C9JAB2	C9JAB2	C9JAB2_HUMAN	SRSF7	SRSF7	6432
B3KXS5	B3KXS5	B3KXS5_HUMAN	LONP1	LONP1	9361
V9HWC2	V9HWC2	V9HWC2_HUMAN	HEL-S-67p	HEL-S-67p	11315
A0A669KBL1	A0A669KBL1	A0A669KBL1_HUMAN	USP7	USP7	7874
A0A384N6H1	P13639	EF2_HUMAN	EEF2 EF2	EEF2	1938
Q32Q62	Q32Q62	Q32Q62_HUMAN	RSL1D1	RSL1D1	26156
B4DJK9	B4DJK9	B4DJK9_HUMAN	NA	NA	NA
A0A2P9DU05	A0A2P9DU05	A0A2P9DU05_HUMAN	ROCK2	ROCK2	9475
A0A024RAD5	A0A024RAD5	A0A024RAD5_HUMAN	DDOST hCG_38871	DDOST	1650
B4DZF2	B4DZF2	B4DZF2_HUMAN	NA	NA	NA
Q5T760	Q5T760	Q5T760_HUMAN	SRSF11	SRSF11	9295
Q9NTH6	Q9NTH6	Q9NTH6_HUMAN	DKFZp434O2413	DKFZp434O2413	NA
A0A0S2Z472	A0A0S2Z472	A0A0S2Z472_HUMAN	PRKAR2A	PRKAR2A	5576
Q96DV6	Q96DV6	Q96DV6_HUMAN	RPS6	RPS6	6194
Q8NFH9	Q8NFH9	Q8NFH9_HUMAN	NA	NA	NA
B7Z592	B7Z592	B7Z592_HUMAN	NA	NA	NA
B3KW63	B3KW63	B3KW63_HUMAN	NA	NA	NA
A0A7P0T9R4	A0A7P0T9R4	A0A7P0T9R4_HUMAN	DYNC1H1	DYNC1H1	1778
A0A7N4I394	A0A7N4I394	A0A7N4I394_HUMAN	PRPF40A	PRPF40A	55660
A0A140VJS6	A0A140VJS6	A0A140VJS6_HUMAN	NA	NA	5690
B3KQ33	B3KQ33	B3KQ33_HUMAN	NA	NA	NA
A0A087WZT3	A0A087WZT3	A0A087WZT3_HUMAN	BOLA2-SMG1P6	BOLA2-SMG1P6	552900
B4DV79	B4DV79	B4DV79_HUMAN	EIF3B EIF3S9	EIF3B	8662
H3BP35	H3BP35	H3BP35_HUMAN	MVD	MVD	4597
J3QSB5	J3QSB5	J3QSB5_HUMAN	RPL36	RPL36	25873
A0A140VJF3	A0A140VJF3	A0A140VJF3_HUMAN	NA	NA	9184
H6VRF8	H6VRF8	H6VRF8_HUMAN	KRT1	KRT1	3848
Q7Z524	Q7Z524	Q7Z524_HUMAN	NA	NA	NA
I3L3D5	I3L3D5	I3L3D5_HUMAN	PFN1	PFN1	5216
W5ZR30	W5ZR30	W5ZR30_HUMAN	TCF20 hCG_41553	TCF20	6942
Q1ET62	Q1ET62	Q1ET62_HUMAN	ST1A5	ST1A5	NA
V9HWB4	V9HWB4	V9HWB4_HUMAN	HEL-S-89n	HEL-S-89n	3309
A0A024QYU9	A0A024QYU9	A0A024QYU9_HUMAN	EIF3S8 EIF3C hCG_201185	EIF3S8	8663
B4DQ49	B4DQ49	B4DQ49_HUMAN	NA	NA	NA
A0A669KBG8	A0A669KBG8	A0A669KBG8_HUMAN	GBF1	GBF1	8729
A0A024R1Q8	A0A024R1Q8	A0A024R1Q8_HUMAN	RPL23 hCG_2027400	RPL23	9349
Q53FV3	Q53FV3	Q53FV3_HUMAN	NA	NA	NA
A0A0U1RQF0	A0A0U1RQF0	A0A0U1RQF0_HUMAN	FASN	FASN	2194
A0A3R5W301	A0A3R5W301	A0A3R5W301_HUMAN	NA	NA	NA
Q6PJJ3	Q6PJJ3	Q6PJJ3_HUMAN	FASN	FASN	2194
Q59EG8	Q59EG8	Q59EG8_HUMAN	NA	NA	NA
B0YIW5	B0YIW5	B0YIW5_HUMAN	ARCN1 hCG_40220	ARCN1	372
Q9BR63	Q9BR63	Q9BR63_HUMAN	FARSB	FARSB	10056
A0A2U3TZV8	A0A2U3TZV8	A0A2U3TZV8_HUMAN	PLCH1	PLCH1	23007
A0A7P0TBE2	A0A7P0TBE2	A0A7P0TBE2_HUMAN	DLAT	DLAT	1737
J3KN16	J3KN16	J3KN16_HUMAN	ECPAS	ECPAS	23392
Q13841	Q13841	Q13841_HUMAN	NA	NA	NA
A8KA82	A8KA82	A8KA82_HUMAN	DNAJC3 hCG_28703	DNAJC3	5611
A0A024R2Q4	A0A024R2Q4	A0A024R2Q4_HUMAN	RPL15 hCG_1996483	RPL15	6138
A0A384ME17	A0A384ME17	A0A384ME17_HUMAN	TUFM hCG_1747191	TUFM	7284
V9HW35	V9HW35	V9HW35_HUMAN	HEL-S-55	HEL-S-55	NA
D3DRR6	D3DRR6	D3DRR6_HUMAN	ITIH2 hCG_25115	ITIH2	3698
Q6NZ55	Q6NZ55	Q6NZ55_HUMAN	RPL13	RPL13	6137
A0A140VK83	A0A140VK83	A0A140VK83_HUMAN	PPP1R7 hCG_33049	PPP1R7	5510
Q53G21	Q53G21	Q53G21_HUMAN	NA	NA	NA
V9HWH7	V9HWH7	V9HWH7_HUMAN	HEL-S-70p	HEL-S-70p	471
B4DNL3	B4DNL3	B4DNL3_HUMAN	NA	NA	NA
H0Y987	H0Y987	H0Y987_HUMAN	PGM3	PGM3	5238
Q7Z4G9	Q7Z4G9	Q7Z4G9_HUMAN	ASGR2 HBXBP	ASGR2	433
A8K132	A8K132	A8K132_HUMAN	NA	NA	NA
A8K5N5	A8K5N5	A8K5N5_HUMAN	NA	NA	NA
A0A024RC29	A0A024RC29	A0A024RC29_HUMAN	DSC3 hCG_2022649	DSC3	1825
A0A024RAJ8	A0A024RAJ8	A0A024RAJ8_HUMAN	IQGAP2 hCG_37485	IQGAP2	10788
Q9H2R7	Q9H2R7	Q9H2R7_HUMAN	NPD011	NPD011	NA
B3KU66	B3KU66	B3KU66_HUMAN	NA	NA	1660
A0A024RAJ9	A0A024RAJ9	A0A024RAJ9_HUMAN	ARSB hCG_37743	ARSB	411
A0A024RC87	A0A024RC87	A0A024RC87_HUMAN	RNH1 hCG_18617	RNH1	6050
Q5HYM2	Q5HYM2	Q5HYM2_HUMAN	DKFZp686O2462	DKFZp686O2462	NA
C9JA41	C9JA41	C9JA41_HUMAN	ELAPOR2	ELAPOR2	222223
Q53FR4	Q53FR4	Q53FR4_HUMAN	NA	NA	NA
B4DRR0	B4DRR0	B4DRR0_HUMAN	NA	NA	NA
B4DKV4	B4DKV4	B4DKV4_HUMAN	NA	NA	NA
Q53GL5	Q53GL5	Q53GL5_HUMAN	NA	NA	NA
Q7Z497	Q7Z497	Q7Z497_HUMAN	SF3B1	SF3B1	23451
A0A087X0M4	A0A087X0M4	A0A087X0M4_HUMAN	SLC4A1AP	SLC4A1AP	22950
Q6MZT3	Q6MZT3	Q6MZT3_HUMAN	DKFZp686C1054	DKFZp686C1054	55623
A0A087X2I1	A0A087X2I1	A0A087X2I1_HUMAN	PSMC6	PSMC6	5706
Q53G83	Q53G83	Q53G83_HUMAN	NA	NA	NA
B2RCY7	B2RCY7	B2RCY7_HUMAN	NA	NA	NA
A0A024R4M0	A0A024R4M0	A0A024R4M0_HUMAN	RPS9 hCG_2009111	RPS9	6203
A0A7I2V473	A0A7I2V473	A0A7I2V473_HUMAN	NACA	NACA	4666
A0A024R542	A0A024R542	A0A024R542_HUMAN	TNKS1BP1 hCG_1811635	TNKS1BP1	85456
B3KTN7	B3KTN7	B3KTN7_HUMAN	NA	NA	NA
A0A291FIZ5	A0A291FIZ5	A0A291FIZ5_HUMAN	NA	NA	NA
D3DUG9	D3DUG9	D3DUG9_HUMAN	USP14 hCG_1994849	USP14	9097
A0A0J9YVP6	A0A0J9YVP6	A0A0J9YVP6_HUMAN	PUF60	PUF60	22827
A0A384NYN5	A0A384NYN5	A0A384NYN5_HUMAN	NA	NA	NA
A0A024R576	A0A024R576	A0A024R576_HUMAN	ZFPL1 hCG_23371	ZFPL1	7542
A0A1U9X609	A0A1U9X609	A0A1U9X609_HUMAN	NA	NA	23
Q3SYF1	Q3SYF1	Q3SYF1_HUMAN	SNX12 hCG_1990496	SNX12	29934
A0A024RB17	A0A024RB17	A0A024RB17_HUMAN	FAM62A hCG_25002	FAM62A	23344
A0A024R952	A0A024R952	A0A024R952_HUMAN	PKP1 hCG_17681	PKP1	5317
Q6IAX1	Q6IAX1	Q6IAX1_HUMAN	FDFT1 hCG_17749	FDFT1	2222
Q53G55	Q53G55	Q53G55_HUMAN	NA	NA	NA
B4DT01	B4DT01	B4DT01_HUMAN	NA	NA	NA
A0A0S2Z3I4	A0A0S2Z3I4	A0A0S2Z3I4_HUMAN	RCC1	RCC1	1104
A0A6I8PR89	A0A6I8PR89	A0A6I8PR89_HUMAN	DNAJC7	DNAJC7	7266
Q53FN7	Q53FN7	Q53FN7_HUMAN	NA	NA	NA
V9HWB8	V9HWB8	V9HWB8_HUMAN	HEL-S-30	HEL-S-30	5315
B4DMJ6	B4DMJ6	B4DMJ6_HUMAN	NA	NA	NA
K9J957	K9J957	K9J957_HUMAN	PSME3	PSME3	10197
B4E1T1	B4E1T1	B4E1T1_HUMAN	NA	NA	NA
A0A024R3N2	A0A024R3N2	A0A024R3N2_HUMAN	NFRKB hCG_2032921	NFRKB	4798
A0A3B3ISQ4	A0A3B3ISQ4	A0A3B3ISQ4_HUMAN	EPS8L2	EPS8L2	64787
A0A090N8Y2	A0A090N8Y2	A0A090N8Y2_HUMAN	ERP70 tcag7.505	ERP70	9601
A8K5J1	A8K5J1	A8K5J1_HUMAN	UMPS hCG_1780791	UMPS	7372
E5KSU5	E5KSU5	E5KSU5_HUMAN	TFAM hCG_40210	TFAM	7019
D6RH17	D6RH17	D6RH17_HUMAN	ADH6	ADH6	130
B4DL41	B4DL41	B4DL41_HUMAN	NA	NA	NA
C4P0D8	C4P0D8	C4P0D8_HUMAN	TSNAX-DISC1 DISC1	TSNAX-DISC1	100303453
V9HVZ4	V9HVZ4	V9HVZ4_HUMAN	HEL-S-162eP	HEL-S-162eP	2597
A0A024R1A3	A0A024R1A3	A0A024R1A3_HUMAN	UBE1 hCG_17406	UBE1	7317
F8VXU5	F8VXU5	F8VXU5_HUMAN	VPS29	VPS29	51699
A0A1B0GVI3	A0A1B0GVI3	A0A1B0GVI3_HUMAN	KRT10	KRT10	3858
A0A024R1U0	A0A024R1U0	A0A024R1U0_HUMAN	RANGAP1 hCG_41537	RANGAP1	5905
B2R4I8	B2R4I8	B2R4I8_HUMAN	NA	NA	NA
A8K5D8	A8K5D8	A8K5D8_HUMAN	NA	NA	NA
J3KPX7	J3KPX7	J3KPX7_HUMAN	PHB2	PHB2	11331
Q0IIN1	Q0IIN1	Q0IIN1_HUMAN	KRT77	KRT77	374454
A0A384NKJ3	A0A384NKJ3	A0A384NKJ3_HUMAN	NA	NA	1632
H3BVA8	H3BVA8	H3BVA8_HUMAN	KARS1	KARS1	3735
A0A024R1V4	A0A024R1V4	A0A024R1V4_HUMAN	RPL27 hCG_16959	RPL27	6155
Q53GF8	Q53GF8	Q53GF8_HUMAN	NA	NA	NA
A0A024R8K8	A0A024R8K8	A0A024R8K8_HUMAN	HELZ hCG_29244	HELZ	9931
A0A0S2Z5A5	A0A0S2Z5A5	A0A0S2Z5A5_HUMAN	SEPT9	SEPT9	10801
A0A024R1U4	A0A024R1U4	A0A024R1U4_HUMAN	RAB5C hCG_2039680	RAB5C	5878
Q2VIN3	Q2VIN3	Q2VIN3_HUMAN	NA	NA	NA
D6RIY6	D6RIY6	D6RIY6_HUMAN	EXOSC9 hCG_38830	EXOSC9	5393
F6KPG5	F6KPG5	F6KPG5_HUMAN	NA	NA	NA
Q5JP02	Q5JP02	Q5JP02_HUMAN	RBBP7	RBBP7	5931
Q9HB00	Q9HB00	Q9HB00_HUMAN	DSC1 hCG_25474	DSC1	1823
V9HVX6	V9HVX6	V9HVX6_HUMAN	HEL-9	HEL-9	NA
A0A5F9ZGN6	A0A5F9ZGN6	A0A5F9ZGN6_HUMAN	ARG1	ARG1	383
J3KNE0	J3KNE0	J3KNE0_HUMAN	RGPD3	RGPD3	653489
Q6ZTI3	Q6ZTI3	Q6ZTI3_HUMAN	NA	NA	NA
E9PK47	E9PK47	E9PK47_HUMAN	PYGL	PYGL	5836
B3KR28	B3KR28	B3KR28_HUMAN	NA	NA	54472
B2R4R0	B2R4R0	B2R4R0_HUMAN	HIST1H4J HIST1H4H HIST1H4L hCG_1640981	HIST1H4J	121504
A0A7I2V2T3	A0A7I2V2T3	A0A7I2V2T3_HUMAN	IMPDH2 IMPDH	IMPDH2	3615
E9PPJ0	E9PPJ0	E9PPJ0_HUMAN	SF3B2	SF3B2	10992
A8K9K6	A8K9K6	A8K9K6_HUMAN	NA	NA	NA
B4DLR8	B4DLR8	B4DLR8_HUMAN	NQO1	NQO1	1728
E9PBS1	E9PBS1	E9PBS1_HUMAN	PAICS	PAICS	10606
B5BUE6	B5BUE6	B5BUE6_HUMAN	DDX5	DDX5	1655
B3KQT9	B3KQT9	B3KQT9_HUMAN	NA	NA	NA
A0A0B4J1R2	A0A0B4J1R2	A0A0B4J1R2_HUMAN	ACSS3 FLJ21963 hCG_23730	ACSS3	79611
A8K9T8	A8K9T8	A8K9T8_HUMAN	NA	NA	NA
A0A1W2PRS1	A0A1W2PRS1	A0A1W2PRS1_HUMAN	SCARB2	SCARB2	950
E9PK91	E9PK91	E9PK91_HUMAN	BCLAF1	BCLAF1	9774
A0A024R8Q1	A0A024R8Q1	A0A024R8Q1_HUMAN	GAA hCG_27920	GAA	2548
A0A024R9W7	A0A024R9W7	A0A024R9W7_HUMAN	TMEM33 hCG_1640761	TMEM33	55161
H7BZT7	H7BZT7	H7BZT7_HUMAN	ESD	ESD	2098
A0A5F9ZHD5	A0A5F9ZHD5	A0A5F9ZHD5_HUMAN	AMD1	AMD1	262
A8KAK1	A8KAK1	A8KAK1_HUMAN	NA	NA	NA
B4DM33	B4DM33	B4DM33_HUMAN	NA	NA	NA
H7BY16	H7BY16	H7BY16_HUMAN	NCL	NCL	4691
A0A024QZC1	A0A024QZC1	A0A024QZC1_HUMAN	CD2BP2 hCG_96444	CD2BP2	10421
A0A087WUZ3	A0A087WUZ3	A0A087WUZ3_HUMAN	SPTBN1	SPTBN1	6711
A1LUY1	A1LUY1	A1LUY1_HUMAN	RPL34 hCG_2027853	RPL34	6164
F8W1S1	F8W1S1	F8W1S1_HUMAN	KRT74	KRT74	121391
A0A0J9YWL0	A0A0J9YWL0	A0A0J9YWL0_HUMAN	CRYBG1	CRYBG1	202
E5RHK8	E5RHK8	E5RHK8_HUMAN	DNM3	DNM3	26052
A0A0S2Z4Q3	A0A0S2Z4Q3	A0A0S2Z4Q3_HUMAN	CNBP	CNBP	7555
A0A024R258	A0A024R258	A0A024R258_HUMAN	UBQLN1 hCG_27739	UBQLN1	29979
A0A1S5UZ07	Q9Y490	TLN1_HUMAN	TLN1 KIAA1027 TLN	TLN1	7094
B3KN49	B3KN49	B3KN49_HUMAN	NA	NA	NA
H9KV82	H9KV82	H9KV82_HUMAN	EFHB	EFHB	151651
H0Y4T6	H0Y4T6	H0Y4T6_HUMAN	PIN4	PIN4	5303
H0YMW4	H0YMW4	H0YMW4_HUMAN	ANXA2	ANXA2	302
A8K4W2	A8K4W2	A8K4W2_HUMAN	NA	NA	NA
Q53T09	Q53T09	Q53T09_HUMAN	XRCC5	XRCC5	7520
A0A024R0Y2	A0A024R0Y2	A0A024R0Y2_HUMAN	hCG_30204	hCG_30204	31
B4DXC4	B4DXC4	B4DXC4_HUMAN	NA	NA	25923
H7C463	H7C463	H7C463_HUMAN	IMMT	IMMT	10989
B3KN82	B3KN82	B3KN82_HUMAN	NA	NA	NA
B4DZJ6	B4DZJ6	B4DZJ6_HUMAN	NA	NA	NA
A0A024RDY0	A0A024RDY0	A0A024RDY0_HUMAN	RANBP5 hCG_29105	RANBP5	NA
Q5TDF0	Q5TDF0	Q5TDF0_HUMAN	NTPCR C1orf57 hCG_15829	NTPCR	84284
B7ZM99	B7ZM99	B7ZM99_HUMAN	MTHFD1L	MTHFD1L	25902
B4DPJ2	B4DPJ2	B4DPJ2_HUMAN	NA	NA	NA
Q6AI18	Q6AI18	Q6AI18_HUMAN	DKFZp686M148	DKFZp686M148	NA
B2R960	B2R960	B2R960_HUMAN	NA	NA	NA
A0A024RAT5	A0A024RAT5	A0A024RAT5_HUMAN	SLCO1A2 hCG_25049	SLCO1A2	6579
V9HW09	V9HW09	V9HW09_HUMAN	HEL-S-91n	HEL-S-91n	5714
B4DJQ5	B4DJQ5	B4DJQ5_HUMAN	NA	NA	5589
A0A090N7V5	A0A090N7V5	A0A090N7V5_HUMAN	C7orf24 tcag7.1010	C7orf24	79017
B2RDE1	B2RDE1	B2RDE1_HUMAN	NA	NA	NA
A0A024R3T8	A0A024R3T8	A0A024R3T8_HUMAN	PARP1 hCG_14746	PARP1	142
B7Z6K2	B7Z6K2	B7Z6K2_HUMAN	NA	NA	2590
A0A024RAC7	A0A024RAC7	A0A024RAC7_HUMAN	ALDH4A1 hCG_25108	ALDH4A1	8659
K7EJV9	K7EJV9	K7EJV9_HUMAN	RPL23A	RPL23A	6147
B4DXF3	B4DXF3	B4DXF3_HUMAN	NA	NA	NA
Q8N5Z7	Q8N5Z7	Q8N5Z7_HUMAN	RPL6	RPL6	6128
K7ES02	K7ES02	K7ES02_HUMAN	BLMH	BLMH	642
C1PHA2	C1PHA2	C1PHA2_HUMAN	KIF5B-ALK	KIF5B-ALK	NA
V9HWE0	V9HWE0	V9HWE0_HUMAN	HEL-S-7	HEL-S-7	308
B7ZMD6	B7ZMD6	B7ZMD6_HUMAN	IRGQ	IRGQ	126298
A8K646	A8K646	A8K646_HUMAN	NA	NA	NA
Q2I0Y7	Q2I0Y7	Q2I0Y7_HUMAN	NA	NA	NA
Q562Z4	Q562Z4	Q562Z4_HUMAN	ACT	ACT	NA
B2R6D0	B2R6D0	B2R6D0_HUMAN	NA	NA	NA
B7Z591	B7Z591	B7Z591_HUMAN	TMCO1 hCG_1766418	TMCO1	54499
A8K3K1	A8K3K1	A8K3K1_HUMAN	NA	NA	NA
A0A0B4J210	A0A0B4J210	A0A0B4J210_HUMAN	LARP1	LARP1	23367
A0A494C1K3	A0A494C1K3	A0A494C1K3_HUMAN	GTF2I	GTF2I	2969
F5GXS8	F5GXS8	F5GXS8_HUMAN	QKI	QKI	9444
B4DUQ1	B4DUQ1	B4DUQ1_HUMAN	HNRNPK	HNRNPK	3190
M0R210	M0R210	M0R210_HUMAN	RPS16 hCG_43353	RPS16	6217
S4R3M9	S4R3M9	S4R3M9_HUMAN	TCEA3	TCEA3	6920
Q7LDK6	Q7LDK6	Q7LDK6_HUMAN	DECR	DECR	NA
A0A1B0GW23	A0A1B0GW23	A0A1B0GW23_HUMAN	ABHD14A-ACY1	ABHD14A-ACY1	100526760
F5GXR3	F5GXR3	F5GXR3_HUMAN	PTMS	PTMS	5763
A0A804HK30	A0A804HK30	A0A804HK30_HUMAN	LRPPRC	LRPPRC	10128
F5GZQ3	F5GZQ3	F5GZQ3_HUMAN	HADHB	HADHB	3032
A0A384NKW7	A0A384NKW7	A0A384NKW7_HUMAN	NA	NA	1434
G4XXL9	G4XXL9	G4XXL9_HUMAN	CYCS hCG_2009955	CYCS	54205
A0A0K0K1H7	A0A0K0K1H7	A0A0K0K1H7_HUMAN	HEL-S-284	HEL-S-284	NA
A0A804HLJ9	A0A804HLJ9	A0A804HLJ9_HUMAN	MCCC2	MCCC2	64087
Q5TZP7	Q5TZP7	Q5TZP7_HUMAN	APEX1 hCG_40473	APEX1	328
A0A024R5C5	A0A024R5C5	A0A024R5C5_HUMAN	PC hCG_20121	PC	5091
H0YFH1	H0YFH1	H0YFH1_HUMAN	A2M	A2M	2
V9HW90	V9HW90	V9HW90_HUMAN	HEL-75 HEL-S-122m	HEL-75	2936
E9PE24	E9PE24	E9PE24_HUMAN	VSNL1	VSNL1	7447
A0A0S2Z4Z0	A0A0S2Z4Z0	A0A0S2Z4Z0_HUMAN	RBM14	RBM14	10432
A0A0A6YYJ8	A0A0A6YYJ8	A0A0A6YYJ8_HUMAN	LUC7L2	LUC7L2	100996928
C9JIF9	C9JIF9	C9JIF9_HUMAN	APEH	APEH	327
E9PHY5	E9PHY5	E9PHY5_HUMAN	EPB41L2	EPB41L2	2037
Q6ZPD0	Q6ZPD0	Q6ZPD0_HUMAN	NA	NA	NA
A0A804HJL6	A0A804HJL6	A0A804HJL6_HUMAN	ALG1	ALG1	56052
A0A384MDQ7	A0A384MDQ7	A0A384MDQ7_HUMAN	NA	NA	NA
B4DKX5	B4DKX5	B4DKX5_HUMAN	NA	NA	NA
B5BU63	B5BU63	B5BU63_HUMAN	KLC1	KLC1	3831
B4E3V2	B4E3V2	B4E3V2_HUMAN	NA	NA	NA
B7Z9V4	B7Z9V4	B7Z9V4_HUMAN	NA	NA	NA
A8E4L4	A8E4L4	A8E4L4_HUMAN	ZBTB10	ZBTB10	65986
Q32Q12	Q32Q12	Q32Q12_HUMAN	NME1-NME2 hCG_2001850	NME1-NME2	654364
B4DDD6	B4DDD6	B4DDD6_HUMAN	DBNL	DBNL	28988
Q59EA2	Q59EA2	Q59EA2_HUMAN	NA	NA	NA
A0A384MTW7	A0A384MTW7	A0A384MTW7_HUMAN	NA	NA	4830
Q3B7K3	Q3B7K3	Q3B7K3_HUMAN	IKIP	IKIP	NA
D6RA82	D6RA82	D6RA82_HUMAN	ANXA3	ANXA3	306
D3DWY7	D3DWY7	D3DWY7_HUMAN	VBP1 hCG_17616	VBP1	7411
B3KNL2	B3KNL2	B3KNL2_HUMAN	RUVBL2 hCG_16214	RUVBL2	10856
Q6P5V6	Q6P5V6	Q6P5V6_HUMAN	SNX5	SNX5	27131
A0A024QZD5	A0A024QZD5	A0A024QZD5_HUMAN	SNRP70 hCG_16213	SNRP70	6625
B0S8I6	B0S8I6	B0S8I6_HUMAN	FAM50A	FAM50A	9130
B1WB49	B1WB49	B1WB49_HUMAN	BDP1	BDP1	55814
E7EQG2	E7EQG2	E7EQG2_HUMAN	EIF4A2	EIF4A2	1974
K9JA46	K9JA46	K9JA46_HUMAN	EL52 HEL-S-65p HSP90AA1 hCG_1814169	EL52	3320
A0A2S0BDD1	A0A2S0BDD1	A0A2S0BDD1_HUMAN	ATIII-R2	ATIII-R2	NA
A0A024RBS2	A0A024RBS2	A0A024RBS2_HUMAN	RPLP0 hCG_2016152	RPLP0	6175
F8W0C6	F8W0C6	F8W0C6_HUMAN	KRT5	KRT5	3852
F8WCF6	F8WCF6	F8WCF6_HUMAN	ARPC4-TTLL3	ARPC4-TTLL3	100526693
B4DR70	B4DR70	B4DR70_HUMAN	NA	NA	NA
Q86UY0	Q86UY0	Q86UY0_HUMAN	TXNDC5	TXNDC5	81567
A0A0S2Z4V5	A0A0S2Z4V5	A0A0S2Z4V5_HUMAN	PQBP1 hCG_19821	PQBP1	10084
A0A024QZK4	A0A024QZK4	A0A024QZK4_HUMAN	PHYHIPL hCG_41128	PHYHIPL	84457
Q53H03	Q53H03	Q53H03_HUMAN	NA	NA	NA
A0A087WUT6	A0A087WUT6	A0A087WUT6_HUMAN	EIF5B	EIF5B	9669
A7BI36	A7BI36	A7BI36_HUMAN	RRBP1	RRBP1	6238
A0A384NPQ2	A0A384NPQ2	A0A384NPQ2_HUMAN	NA	NA	5052
A0A024R4T4	A0A024R4T4	A0A024R4T4_HUMAN	UBE2M hCG_2045958	UBE2M	9040
B4DS57	B4DS57	B4DS57_HUMAN	NA	NA	NA
B4DTS5	B4DTS5	B4DTS5_HUMAN	NA	NA	NA
Q68DI5	Q68DI5	Q68DI5_HUMAN	DKFZp781H1425	DKFZp781H1425	NA
V9HWC7	V9HWC7	V9HWC7_HUMAN	HEL-S-128m PRDX6 hCG_22109	HEL-S-128m	9588
V9HW62	V9HW62	V9HW62_HUMAN	HEL-S-74	HEL-S-74	NA
A0A384NY87	A0A384NY87	A0A384NY87_HUMAN	NA	NA	6342
A0A024RD80	A0A024RD80	A0A024RD80_HUMAN	HSP90AB1 hCG_19001	HSP90AB1	3326
B5FX47	B5FX47	B5FX47_HUMAN	NA	NA	NA
Q6N0B1	Q6N0B1	Q6N0B1_HUMAN	DKFZp686D0880	DKFZp686D0880	NA
Q969I0	Q969I0	Q969I0_HUMAN	KRT8	KRT8	3856
B2R6E2	B2R6E2	B2R6E2_HUMAN	NA	NA	NA
A0A2R8Y5A3	A0A2R8Y5A3	A0A2R8Y5A3_HUMAN	CTNNB1	CTNNB1	1499
A8K7F6	A8K7F6	A8K7F6_HUMAN	NA	NA	NA
A0A669KB05	A0A669KB05	A0A669KB05_HUMAN	CTNND1	CTNND1	1500
B4DY17	B4DY17	B4DY17_HUMAN	APIP	APIP	51074
Q53R19	Q53R19	Q53R19_HUMAN	ARPC2 hCG_16304	ARPC2	10109
V9HW63	V9HW63	V9HW63_HUMAN	HEL-S-97n PRDX4 hCG_17636	HEL-S-97n	10549
A0A7I2V4H7	A0A7I2V4H7	A0A7I2V4H7_HUMAN	CIT	CIT	11113
B4DWU0	B4DWU0	B4DWU0_HUMAN	NA	NA	NA
Q8IZ29	Q8IZ29	Q8IZ29_HUMAN	TUBB2C	TUBB2C	NA
A8K761	A8K761	A8K761_HUMAN	NDUFB10 hCG_42700	NDUFB10	4716
K7EQQ3	K7EQQ3	K7EQQ3_HUMAN	KRT9	KRT9	3857
B2R6L0	B2R6L0	B2R6L0_HUMAN	NA	NA	NA
Q6IPH7	Q6IPH7	Q6IPH7_HUMAN	RPL14	RPL14	9045
H7BZV9	H7BZV9	H7BZV9_HUMAN	ANKRD54	ANKRD54	129138
B4DWG1	B4DWG1	B4DWG1_HUMAN	NA	NA	NA
B5BUB5	B5BUB5	B5BUB5_HUMAN	SSB	SSB	6741
B4DEN6	B4DEN6	B4DEN6_HUMAN	NA	NA	NA
A0A384NYT8	A0A384NYT8	A0A384NYT8_HUMAN	NA	NA	NA
A0A7I2PK44	A0A7I2PK44	A0A7I2PK44_HUMAN	AIFM1	AIFM1	9131
B3KTS5	B3KTS5	B3KTS5_HUMAN	NA	NA	7416
V9HW06	V9HW06	V9HW06_HUMAN	HEL-S-51e SHMT2 hCG_41231	HEL-S-51e	6472
A0A7P0TAW3	A0A7P0TAW3	A0A7P0TAW3_HUMAN	VCP	VCP	7415
B3KM34	B3KM34	B3KM34_HUMAN	NA	NA	9512
A0A384NKK0	A0A384NKK0	A0A384NKK0_HUMAN	TCEAL4 hCG_1657259	TCEAL4	79921
A0A140VK93	A0A140VK93	A0A140VK93_HUMAN	AK2	AK2	204
A0A3S6RH37	A0A3S6RH37	A0A3S6RH37_HUMAN	HLA-DQB1	HLA-DQB1	3119
A0A1U9X9C1	A0A1U9X9C1	A0A1U9X9C1_HUMAN	NA	NA	NA
A8K486	A8K486	A8K486_HUMAN	NA	NA	NA
Q1HBJ4	Q1HBJ4	Q1HBJ4_HUMAN	MAPK1 hCG_32557	MAPK1	5594
Q6IBN0	Q6IBN0	Q6IBN0_HUMAN	PSMD3	PSMD3	5709
A8K4I8	A8K4I8	A8K4I8_HUMAN	NA	NA	NA
B4DK69	B4DK69	B4DK69_HUMAN	AKR1C2	AKR1C2	1646
A0A140VJW8	A0A140VJW8	A0A140VJW8_HUMAN	NA	NA	55714
E9PG15	E9PG15	E9PG15_HUMAN	YWHAQ	YWHAQ	10971
E5RFH3	E5RFH3	E5RFH3_HUMAN	MRPS28	MRPS28	28957
A0A384MTR5	A0A384MTR5	A0A384MTR5_HUMAN	NA	NA	8607
A0A654ICQ6	A0A654ICQ6	A0A654ICQ6_HUMAN	CXNN	CXNN	84694
J3KTL2	J3KTL2	J3KTL2_HUMAN	SRSF1 SFRS1 hCG_1774411	SRSF1	6426
Q53FB6	Q53FB6	Q53FB6_HUMAN	NA	NA	NA
B2RBD5	B2RBD5	B2RBD5_HUMAN	NA	NA	NA
A0A0B4J269	A0A0B4J269	A0A0B4J269_HUMAN	NA	NA	NA
B2RD00	B2RD00	B2RD00_HUMAN	NA	NA	NA
Q53F48	Q53F48	Q53F48_HUMAN	NA	NA	3189
B7Z8R6	B7Z8R6	B7Z8R6_HUMAN	NA	NA	NA
D3DND1	D3DND1	D3DND1_HUMAN	CDV3 hCG_14782	CDV3	55573
A0A024R1N4	A0A024R1N4	A0A024R1N4_HUMAN	XRCC6 hCG_2013151	XRCC6	2547
A0A024R5A3	A0A024R5A3	A0A024R5A3_HUMAN	CAPN1 hCG_23396	CAPN1	823
Q8TER9	Q8TER9	Q8TER9_HUMAN	FLJ00124	FLJ00124	NA
B4DEN5	B4DEN5	B4DEN5_HUMAN	NA	NA	NA
D6RAN4	D6RAN4	D6RAN4_HUMAN	RPL9	RPL9	6133
E7EX44	E7EX44	E7EX44_HUMAN	CALD1	CALD1	800
J3QR09	J3QR09	J3QR09_HUMAN	RPL19	RPL19	6143
D0PNI1	D0PNI1	D0PNI1_HUMAN	YWHAZ HEL-S-3 HEL-S-93 HEL4 hCG_2009146	YWHAZ	7534
B7Z5X3	B7Z5X3	B7Z5X3_HUMAN	NA	NA	NA
B7Z3E7	B7Z3E7	B7Z3E7_HUMAN	NA	NA	NA
A0A6Q8PH65	A0A6Q8PH65	A0A6Q8PH65_HUMAN	HSPB1	HSPB1	3315
B2R6A3	B2R6A3	B2R6A3_HUMAN	NA	NA	NA
A0A087WVN4	A0A087WVN4	A0A087WVN4_HUMAN	FDPS	FDPS	2224
Q06AH7	Q06AH7	Q06AH7_HUMAN	TF	TF	7018
C9JZI1	C9JZI1	C9JZI1_HUMAN	RFC4	RFC4	5984
D6RJI3	D6RJI3	D6RJI3_HUMAN	FBN2	FBN2	2201
A8K015	A8K015	A8K015_HUMAN	SULT2A1 hCG_201431	SULT2A1	6822
F8VUG2	F8VUG2	F8VUG2_HUMAN	KRT8	KRT8	3856
C9JM50	C9JM50	C9JM50_HUMAN	KRT19	KRT19	3880
B4DHQ3	B4DHQ3	B4DHQ3_HUMAN	NA	NA	NA
F5GWP8	F5GWP8	F5GWP8_HUMAN	NA	NA	NA
K7EPJ9	K7EPJ9	K7EPJ9_HUMAN	KRT17	KRT17	3872
G3V1C3	Q9BZZ5	API5_HUMAN	API5 MIG8	API5	8539
V9HW26	V9HW26	V9HW26_HUMAN	HEL-S-123m hCG_23783	HEL-S-123m	498
V9HWK1	V9HWK1	V9HWK1_HUMAN	HEL-S-49	HEL-S-49	7167
Q8WUI6	Q8WUI6	Q8WUI6_HUMAN	COPG	COPG	NA
A0A384MEJ3	A0A384MEJ3	A0A384MEJ3_HUMAN	NA	NA	NA
B4DE59	B4DE59	B4DE59_HUMAN	NA	NA	NA
A0A0F7G8J1	A0A0F7G8J1	A0A0F7G8J1_HUMAN	PLG	PLG	5340
Q9UNM1	Q9UNM1	Q9UNM1_HUMAN	EPFP1	EPFP1	NA
B4DMQ7	B4DMQ7	B4DMQ7_HUMAN	TP53I3 hCG_22385	TP53I3	9540
A0A6Q8PGZ8	A0A6Q8PGZ8	A0A6Q8PGZ8_HUMAN	GARS1	GARS1	2617
B4DEA8	B4DEA8	B4DEA8_HUMAN	NA	NA	NA
V9HWF4	V9HWF4	V9HWF4_HUMAN	HEL-S-68p	HEL-S-68p	5230
A0A024RAJ6	A0A024RAJ6	A0A024RAJ6_HUMAN	HEXB hCG_38198	HEXB	3074
A0A384MDT2	A0A384MDT2	A0A384MDT2_HUMAN	NA	NA	NA
B4DRM3	B4DRM3	B4DRM3_HUMAN	NA	NA	1975
A0A024R6Q1	A0A024R6Q1	A0A024R6Q1_HUMAN	EIF5 hCG_25496	EIF5	1983
B5MCP9	B5MCP9	B5MCP9_HUMAN	RPS7	RPS7	6201
B5BU24	B5BU24	B5BU24_HUMAN	YWHAB	YWHAB	7529
A0A024R6W2	A0A024R6W2	A0A024R6W2_HUMAN	NUDT21 hCG_23912	NUDT21	11051
Q59GE5	Q59GE5	Q59GE5_HUMAN	NA	NA	NA
V9HW39	V9HW39	V9HW39_HUMAN	HEL-S-100	HEL-S-100	NA
V9HW95	V9HW95	V9HW95_HUMAN	HEL-S-84	HEL-S-84	5954
B4DTV0	B4DTV0	B4DTV0_HUMAN	NA	NA	79026
B3KM89	B3KM89	B3KM89_HUMAN	NA	NA	NA
Q53EM5	Q53EM5	Q53EM5_HUMAN	NA	NA	NA
F8VYN9	F8VYN9	F8VYN9_HUMAN	ARL1	ARL1	400
A0A7I2YQL2	A0A7I2YQL2	A0A7I2YQL2_HUMAN	BTF3	BTF3	689
D9IAI1	D9IAI1	D9IAI1_HUMAN	PEBP1 HEL-S-34 hCG_2016249	PEBP1	5037
A0A024R866	A0A024R866	A0A024R866_HUMAN	RPL35 hCG_2021297	RPL35	11224
Q53HV2	Q53HV2	Q53HV2_HUMAN	NA	NA	NA
A0A024R713	A0A024R713	A0A024R713_HUMAN	DLD hCG_17110	DLD	1738
A0A024R4F1	A0A024R4F1	A0A024R4F1_HUMAN	HEL-S-17 ENO1 hCG_22399	HEL-S-17	2023
A0A804HI36	A0A804HI36	A0A804HI36_HUMAN	ACSL4	ACSL4	2182
Q8J014	Q8J014	Q8J014_HUMAN	rps2	rps2	NA
V9HWB9	V9HWB9	V9HWB9_HUMAN	HEL-S-133P	HEL-S-133P	3939
Q6PKI6	Q6PKI6	Q6PKI6_HUMAN	YBX1	YBX1	4904
A0A024R1X6	A0A024R1X6	A0A024R1X6_HUMAN	KRT14 hCG_2005483	KRT14	3861
A0A140VKC8	A0A140VKC8	A0A140VKC8_HUMAN	NA	NA	7264
V9HWA9	V9HWA9	V9HWA9_HUMAN	HEL-S-62p	HEL-S-62p	718
A0A1W2PQS6	A0A1W2PQS6	A0A1W2PQS6_HUMAN	RPS10-NUDT3	RPS10-NUDT3	100529239
A0A024RAN2	A0A024RAN2	A0A024RAN2_HUMAN	CAST hCG_2016526	CAST	831
B2R8A1	B2R8A1	B2R8A1_HUMAN	SUCLG1	SUCLG1	8802
A0A024R8E8	A0A024R8E8	A0A024R8E8_HUMAN	SETX hCG_2021532	SETX	23064
Q6FHH6	Q6FHH6	Q6FHH6_HUMAN	LANCL1	LANCL1	10314
A0A384MEE7	A0A384MEE7	A0A384MEE7_HUMAN	NA	NA	23071
A8K3S1	A8K3S1	A8K3S1_HUMAN	NA	NA	NA
A0A024RDS1	A0A024RDS1	A0A024RDS1_HUMAN	HSPH1 hCG_32198	HSPH1	10808
Q5T5C7	Q5T5C7	Q5T5C7_HUMAN	SARS1	SARS1	6301
B3KW79	B3KW79	B3KW79_HUMAN	NA	NA	NA
A6NFX8	A6NFX8	A6NFX8_HUMAN	NUDT5	NUDT5	11164
A0A024QZD1	A0A024QZD1	A0A024QZD1_HUMAN	RPL18 hCG_2000370	RPL18	6141
B4DS79	B4DS79	B4DS79_HUMAN	NA	NA	NA
A0A384NL53	A0A384NL53	A0A384NL53_HUMAN	NA	NA	873
A0A0C4DGG8	A0A0C4DGG8	A0A0C4DGG8_HUMAN	CCAR1	CCAR1	55749
Q8WVX7	Q8WVX7	Q8WVX7_HUMAN	NA	NA	NA
D6RCD7	D6RCD7	D6RCD7_HUMAN	HSPA9	HSPA9	3313
Q53HN4	Q53HN4	Q53HN4_HUMAN	NA	NA	NA
B2R6S9	B2R6S9	B2R6S9_HUMAN	NA	NA	NA
I6QTG3	I6QTG3	I6QTG3_HUMAN	GPC3 hCG_14619	GPC3	2719
A0A804HKE7	A0A804HKE7	A0A804HKE7_HUMAN	MAP4	MAP4	4134
Q6FGH9	Q6FGH9	Q6FGH9_HUMAN	DNCL1 DYNLL1 hCG_27767	DNCL1	8655
A0A384NPM7	A0A384NPM7	A0A384NPM7_HUMAN	SCCPDH hCG_1782151	SCCPDH	51097
I6L9I5	I6L9I5	I6L9I5_HUMAN	CDC2	CDC2	983
H0YID6	H0YID6	H0YID6_HUMAN	KRT79	KRT79	338785
A0A384NQ35	A0A384NQ35	A0A384NQ35_HUMAN	NA	NA	NA
V9HWI5	V9HWI5	V9HWI5_HUMAN	HEL-S-15 CFL1 hCG_2039457	HEL-S-15	1072
M0QY67	M0QY67	M0QY67_HUMAN	ETFB	ETFB	2109
Q69YJ7	Q69YJ7	Q69YJ7_HUMAN	DKFZp667H197	DKFZp667H197	NA
Q6NW12	Q6NW12	Q6NW12_HUMAN	TANK	TANK	10010
A6NDF3	A6NDF3	A6NDF3_HUMAN	PBDC1	PBDC1	51260
A0A024RB75	A0A024RB75	A0A024RB75_HUMAN	CS hCG_2016169	CS	1431
Q9H7U7	Q9H7U7	Q9H7U7_HUMAN	NA	NA	64342
A8MW49	A8MW49	A8MW49_HUMAN	FABP1	FABP1	2168
A0A0J9YXF2	A0A0J9YXF2	A0A0J9YXF2_HUMAN	PON2 hCG_1640820	PON2	5445
Q86U75	Q86U75	Q86U75_HUMAN	NA	NA	NA
B4DXU3	B4DXU3	B4DXU3_HUMAN	NA	NA	NA
A8K0U1	A8K0U1	A8K0U1_HUMAN	NA	NA	NA
B4DKG8	B4DKG8	B4DKG8_HUMAN	NA	NA	NA
A0A024R4E5	A0A024R4E5	A0A024R4E5_HUMAN	HDLBP hCG_33048	HDLBP	3069
B4DF70	B4DF70	B4DF70_HUMAN	NA	NA	NA
Q53WY6	Q53WY6	Q53WY6_HUMAN	transthyretin/ TTR	transthyretin/	NA
A0A024R588	A0A024R588	A0A024R588_HUMAN	SF1 hCG_23378	SF1	7536
A0A6I8PTT9	A0A6I8PTT9	A0A6I8PTT9_HUMAN	GFPT1	GFPT1	2673
A0A024R179	A0A024R179	A0A024R179_HUMAN	NCBP1 hCG_28165	NCBP1	4686
A0A0B4J203	A0A0B4J203	A0A0B4J203_HUMAN	NA	NA	NA
G3V5E4	G3V5E4	G3V5E4_HUMAN	GNPNAT1	GNPNAT1	64841
A9UK01	A9UK01	A9UK01_HUMAN	NA	NA	NA
A0A0S2Z5E9	A0A0S2Z5E9	A0A0S2Z5E9_HUMAN	CWF19L1	CWF19L1	55280
B2R8R5	B2R8R5	B2R8R5_HUMAN	NA	NA	NA
A0A384N6H6	A0A384N6H6	A0A384N6H6_HUMAN	NA	NA	NA
Q5VWC4	Q5VWC4	Q5VWC4_HUMAN	PSMD4 hCG_1741224	PSMD4	5710
B2R7C5	B2R7C5	B2R7C5_HUMAN	NA	NA	NA
Q2TUW9	Q2TUW9	Q2TUW9_HUMAN	NA	NA	4057
Q0QF37	Q0QF37	Q0QF37_HUMAN	MDH2	MDH2	4191
Q24JU4	Q24JU4	Q24JU4_HUMAN	EIF3A EIF3S10	EIF3A	8661
B2R5S3	B2R5S3	B2R5S3_HUMAN	NA	NA	NA
A0A1U9X8X5	A0A1U9X8X5	A0A1U9X8X5_HUMAN	NA	NA	NA
F6WQW2	F6WQW2	F6WQW2_HUMAN	RANBP1	RANBP1	5902
Q96BS4	Q96BS4	Q96BS4_HUMAN	FBL	FBL	2091
H7BZU1	H7BZU1	H7BZU1_HUMAN	EIF2S3	EIF2S3	1968
A0A1U9X8Y4	A0A1U9X8Y4	A0A1U9X8Y4_HUMAN	NA	NA	NA
A0A384NPU2	A0A384NPU2	A0A384NPU2_HUMAN	HINT1 hCG_23479	HINT1	3094
H3BR35	H3BR35	H3BR35_HUMAN	GSPT1	GSPT1	2935
A0A7G6J4N4	A0A7G6J4N4	A0A7G6J4N4_HUMAN	NA	NA	NA
B2R4W8	B2R4W8	B2R4W8_HUMAN	hCG_1994130	hCG_1994130	6210
Q59FC9	Q59FC9	Q59FC9_HUMAN	NA	NA	NA
A0A024R8W0	A0A024R8W0	A0A024R8W0_HUMAN	DDX48 hCG_28565	DDX48	9775
A0A140VJW5	A0A140VJW5	A0A140VJW5_HUMAN	NA	NA	1615
Q53F35	Q53F35	Q53F35_HUMAN	NA	NA	NA
Q6FIA3	Q6FIA3	Q6FIA3_HUMAN	PACSIN2	PACSIN2	11252
F2Z2V0	F2Z2V0	F2Z2V0_HUMAN	CPNE1	CPNE1	8904
B5BU25	B5BU25	B5BU25_HUMAN	U2AF2	U2AF2	11338
A1LT96	A1LT96	A1LT96_HUMAN	UBE1L2 hCG_2027425	UBE1L2	55236
B2RDE0	B2RDE0	B2RDE0_HUMAN	NA	NA	NA
K7EJ44	K7EJ44	K7EJ44_HUMAN	PFN1 hCG_32691	PFN1	5216
A0A7I2V430	A0A7I2V430	A0A7I2V430_HUMAN	DDX1	DDX1	1653
A0A7P0TAE1	A0A7P0TAE1	A0A7P0TAE1_HUMAN	HSP90B1	HSP90B1	7184
E5KND5	E5KND5	E5KND5_HUMAN	GFM1 EFG1	GFM1	85476
E9KL48	E9KL48	E9KL48_HUMAN	GLUD1 hCG_1993805	GLUD1	2746
Q53R32	Q53R32	Q53R32_HUMAN	RPIA	RPIA	22934
A8K644	A8K644	A8K644_HUMAN	SFRS4 hCG_23483	SFRS4	NA
A0A024R814	A0A024R814	A0A024R814_HUMAN	RPL7 hCG_1983988	RPL7	6129
Q4LE79	Q4LE79	Q4LE79_HUMAN	DSP variant protein	DSP	1832
Q6FG99	Q6FG99	Q6FG99_HUMAN	RPLP1	RPLP1	6176
A0A024R608	A0A024R608	A0A024R608_HUMAN	RPLP1 hCG_38799	RPLP1	6176
A0A384MTR2	A0A384MTR2	A0A384MTR2_HUMAN	PRDX3 hCG_37898	PRDX3	10935
B4DJ30	B4DJ30	B4DJ30_HUMAN	NA	NA	NA
V9HW89	V9HW89	V9HW89_HUMAN	HEL-S-95n	HEL-S-95n	NA
B7Z7P8	B7Z7P8	B7Z7P8_HUMAN	ETF1	ETF1	2107
B2R9U2	B2R9U2	B2R9U2_HUMAN	NA	NA	NA
B4DEA3	B4DEA3	B4DEA3_HUMAN	NA	NA	NA
A0A7I2V5R6	A0A7I2V5R6	A0A7I2V5R6_HUMAN	GNAS	GNAS	2778
A0A024RA52	A0A024RA52	A0A024RA52_HUMAN	PSMA2 hCG_19883	PSMA2	5683
Q2YS46	Q2YS46	Q2YS46_HUMAN	NUBP1	NUBP1	4682
V9HWJ1	V9HWJ1	V9HWJ1_HUMAN	HEL-S-64p GSS HEL-S-88n	HEL-S-64p	2937
A4D177	A4D177	A4D177_HUMAN	CBX3 CCDC32 hCG_1745364 hCG_1999239 tcag7.173	CBX3	11335
A8MUA9	A8MUA9	A8MUA9_HUMAN	SUMO3 hCG_401304	SUMO3	6612
A0A024R5K1	A0A024R5K1	A0A024R5K1_HUMAN	CORO1B hCG_2018487	CORO1B	57175
D3DSM8	D3DSM8	D3DSM8_HUMAN	FTCD hCG_401256	FTCD	10841
E5RH09	E5RH09	E5RH09_HUMAN	RARS1	RARS1	5917
Q53GE7	Q53GE7	Q53GE7_HUMAN	NA	NA	NA
A0A494C0R8	A0A494C0R8	A0A494C0R8_HUMAN	CLUH	CLUH	23277
A0A5C2GJ16	A0A5C2GJ16	A0A5C2GJ16_HUMAN	NA	NA	NA
B4DFP1	B4DFP1	B4DFP1_HUMAN	NA	NA	NA
A0A7P0T8N8	A0A7P0T8N8	A0A7P0T8N8_HUMAN	TCERG1	TCERG1	10915
A8K517	A8K517	A8K517_HUMAN	RPS23 hCG_38189	RPS23	6228
A0A0S2Z580	A0A0S2Z580	A0A0S2Z580_HUMAN	ETHE1	ETHE1	23474
C9JZP6	C9JZP6	C9JZP6_HUMAN	DHRS2	DHRS2	10202
Q53F55	Q53F55	Q53F55_HUMAN	NA	NA	1841
M0QX65	M0QX65	M0QX65_HUMAN	SAE1	SAE1	10055
A0A7I2V535	A0A7I2V535	A0A7I2V535_HUMAN	NONO	NONO	4841
H0YK10	H0YK10	H0YK10_HUMAN	GALK2	GALK2	2585
Q59EV6	Q59EV6	Q59EV6_HUMAN	PPGB hCG_38374	PPGB	NA
Q6IBS5	Q6IBS5	Q6IBS5_HUMAN	DLST	DLST	1743
B0QY89	B0QY89	B0QY89_HUMAN	EIF3L EIF3EIP EIF3S6IP	EIF3L	51386
Q6ZMF1	Q6ZMF1	Q6ZMF1_HUMAN	NA	NA	NA
B4DGT6	B4DGT6	B4DGT6_HUMAN	NA	NA	NA
V9HWN7	V9HWN7	V9HWN7_HUMAN	HEL-S-87p ALDOA hCG_1811258	HEL-S-87p	226
B4DKZ9	B4DKZ9	B4DKZ9_HUMAN	NA	NA	NA
Q5U071	Q5U071	Q5U071_HUMAN	NA	NA	NA
B4DYC6	B4DYC6	B4DYC6_HUMAN	NA	NA	10910
G3V2N6	G3V2N6	G3V2N6_HUMAN	TUBB3 hCG_1983504	TUBB3	10381
Q6FHS4	Q6FHS4	Q6FHS4_HUMAN	DNAJB1 hCG_1776318	DNAJB1	3337
A0A0S2Z3L0	A0A0S2Z3L0	A0A0S2Z3L0_HUMAN	ETFA	ETFA	2108
H0YJG9	H0YJG9	H0YJG9_HUMAN	DHRS2	DHRS2	10202
V9HWE9	V9HWE9	V9HWE9_HUMAN	HEL-S-22 GSTP1 hCG_21055	HEL-S-22	2950
D3DTW3	D3DTW3	D3DTW3_HUMAN	IGF2BP1 hCG_27512	IGF2BP1	10642
A8K897	A8K897	A8K897_HUMAN	NA	NA	NA
A0A024RDR0	A0A024RDR0	A0A024RDR0_HUMAN	HMGB1 hCG_2020366	HMGB1	3146
A0A384MTL2	A0A384MTL2	A0A384MTL2_HUMAN	NA	NA	8407
A8K4H7	A8K4H7	A8K4H7_HUMAN	PPAT hCG_2027246	PPAT	5471
A0A2R8Y623	A0A2R8Y623	A0A2R8Y623_HUMAN	RPS7	RPS7	6201
B4E380	B4E380	B4E380_HUMAN	NA	NA	NA
Q9Y6B5	Q9Y6B5	Q9Y6B5_HUMAN	NA	NA	NA
B4DN72	B4DN72	B4DN72_HUMAN	NA	NA	NA
B3KN57	B3KN57	B3KN57_HUMAN	NA	NA	NA
K7ENW6	K7ENW6	K7ENW6_HUMAN	KRT16	KRT16	3868
A0A087WVQ6	A0A087WVQ6	A0A087WVQ6_HUMAN	CLTC hCG_1818599	CLTC	1213
A0A024R3W7	A0A024R3W7	A0A024R3W7_HUMAN	EEF1B2 hCG_2012498	EEF1B2	1933
D3DTX7	D3DTX7	D3DTX7_HUMAN	COL1A1 hCG_29609	COL1A1	1277
A0A0S2Z3D5	A0A0S2Z3D5	A0A0S2Z3D5_HUMAN	APOE	APOE	348
Q86VG2	Q86VG2	Q86VG2_HUMAN	SFPQ	SFPQ	6421
Q496C9	Q496C9	Q496C9_HUMAN	DTD1	DTD1	92675
B4DX78	B4DX78	B4DX78_HUMAN	NA	NA	NA
A0A024RAM0	A0A024RAM0	A0A024RAM0_HUMAN	TNPO1 hCG_2015745	TNPO1	3842
Q6MZS5	Q6MZS5	Q6MZS5_HUMAN	DKFZp686A13234	DKFZp686A13234	10236
Q6FGM0	Q6FGM0	Q6FGM0_HUMAN	SH3GL1 hCG_21932	SH3GL1	6455
A0A024R663	A0A024R663	A0A024R663_HUMAN	KTN1 hCG_22120	KTN1	3895
V9HWI0	V9HWI0	V9HWI0_HUMAN	HEL-S-165mP HEL-S-6	HEL-S-165mP	10327
A0A024R6D8	A0A024R6D8	A0A024R6D8_HUMAN	SFRS5 hCG_21965	SFRS5	6430
B4DK16	B4DK16	B4DK16_HUMAN	NA	NA	NA
A0A7I2V539	A0A7I2V539	A0A7I2V539_HUMAN	NMT1	NMT1	4836
A0A5F9ZH78	A0A5F9ZH78	A0A5F9ZH78_HUMAN	ARG1	ARG1	383
A0A140VJX1	A0A140VJX1	A0A140VJX1_HUMAN	NA	NA	38
J3JS69	J3JS69	J3JS69_HUMAN	RPS18 hCG_1640167 hCG_1777176	RPS18	6222
A0A024R5M3	A0A024R5M3	A0A024R5M3_HUMAN	CTTN hCG_23463	CTTN	2017
B4DDL4	B4DDL4	B4DDL4_HUMAN	NA	NA	NA
A8K4W8	A8K4W8	A8K4W8_HUMAN	NA	NA	NA
A0A3B3ISG5	A0A3B3ISG5	A0A3B3ISG5_HUMAN	IDE	IDE	3416
Q05CP8	Q05CP8	Q05CP8_HUMAN	CCDC6	CCDC6	8030
A0A0S2Z5U7	A0A0S2Z5U7	A0A0S2Z5U7_HUMAN	DIABLO	DIABLO	56616
Q5H9R8	Q5H9R8	Q5H9R8_HUMAN	DKFZp781B0869	DKFZp781B0869	NA
F8VS81	F8VS81	F8VS81_HUMAN	TWF1	TWF1	5756
A4UCS3	A4UCS3	A4UCS3_HUMAN	NA	NA	NA
V9HW53	V9HW53	V9HW53_HUMAN	HEL-S-277 DDAH2 hCG_2039806	HEL-S-277	23564
A8K4K1	A8K4K1	A8K4K1_HUMAN	NA	NA	NA
B2R665	B2R665	B2R665_HUMAN	NA	NA	NA
A0A024RAB6	A0A024RAB6	A0A024RAB6_HUMAN	HSPG2 hCG_1981506	HSPG2	3339
A8K103	A8K103	A8K103_HUMAN	NA	NA	NA
E9PR30	E9PR30	E9PR30_HUMAN	FAU	FAU	2197
Q5T8U3	Q5T8U3	Q5T8U3_HUMAN	RPL7A RP11-244N20.10-004	RPL7A	6130
E5RHH7	E5RHH7	E5RHH7_HUMAN	ARFGAP1	ARFGAP1	55738
B2R9X3	B2R9X3	B2R9X3_HUMAN	NA	NA	NA
A0A024R6W0	A0A024R6W0	A0A024R6W0_HUMAN	GOT2 hCG_15092	GOT2	2806
V9HWG3	V9HWG3	V9HWG3_HUMAN	HEL-S-45	HEL-S-45	7052
H3BNK3	H3BNK3	H3BNK3_HUMAN	NDUFAB1	NDUFAB1	4706
E9PN51	E9PN51	E9PN51_HUMAN	NDUFS8	NDUFS8	4728
B7Z5Q2	B7Z5Q2	B7Z5Q2_HUMAN	NA	NA	NA
I3L159	I3L159	I3L159_HUMAN	HMOX2	HMOX2	3163
Q549N0	Q549N0	Q549N0_HUMAN	CFL2 hCG_21174	CFL2	1073
J3QLR8	J3QLR8	J3QLR8_HUMAN	MRPS23	MRPS23	51649
F5GXS2	F5GXS2	F5GXS2_HUMAN	ACTN4 hCG_1996371	ACTN4	81
A0A140VJN8	A0A140VJN8	A0A140VJN8_HUMAN	NA	NA	10226
Q5HYL4	Q5HYL4	Q5HYL4_HUMAN	DKFZp686E1893	DKFZp686E1893	NA
D5KJA1	D5KJA1	D5KJA1_HUMAN	DHRS4L2	DHRS4L2	317749
A6NMN0	A6NMN0	A6NMN0_HUMAN	PHKA1	PHKA1	5255
A0A024RCM3	A0A024RCM3	A0A024RCM3_HUMAN	hCG_2005638	hCG_2005638	7919
B2R8Y9	B2R8Y9	B2R8Y9_HUMAN	NA	NA	NA
A0A140VKA6	A0A140VKA6	A0A140VKA6_HUMAN	NA	NA	6767
J3QQX2	J3QQX2	J3QQX2_HUMAN	ARHGDIA	ARHGDIA	396
A0A024R1Z1	A0A024R1Z1	A0A024R1Z1_HUMAN	CDC34 hCG_20568	CDC34	997
A0A024RDH6	A0A024RDH6	A0A024RDH6_HUMAN	SEC31L1 hCG_20214	SEC31L1	22872
A0A5K1VW54	A0A5K1VW54	A0A5K1VW54_HUMAN	ADK	ADK	132
A0A2R8YHD2	A0A2R8YHD2	A0A2R8YHD2_HUMAN	TPM4	TPM4	7171
A0A0S2Z491	A0A0S2Z491	A0A0S2Z491_HUMAN	NPM1	NPM1	4869
A0A024R1Z6	A0A024R1Z6	A0A024R1Z6_HUMAN	VAT1 hCG_16957	VAT1	10493
Q6IAM0	Q6IAM0	Q6IAM0_HUMAN	EIF3G EIF3S4	EIF3G	8666
H9KVD2	H9KVD2	H9KVD2_HUMAN	SCN5A	SCN5A	6331
A0A024R994	A0A024R994	A0A024R994_HUMAN	CPNE3 hCG_17274	CPNE3	8895
A0A2X0SZ31	A0A2X0SZ31	A0A2X0SZ31_HUMAN	PREX2	PREX2	80243
A0A087X0X3	A0A087X0X3	A0A087X0X3_HUMAN	HNRNPM	HNRNPM	4670
Q561W4	Q561W4	Q561W4_HUMAN	PPP1R8	PPP1R8	5511
Q53H57	Q53H57	Q53H57_HUMAN	NA	NA	NA
Q59ER5	Q59ER5	Q59ER5_HUMAN	NA	NA	NA
M1VPF6	M1VPF6	M1VPF6_HUMAN	CD74-ROS1_C6;R32	CD74-ROS1_C6;R32	NA
A0A7I2V3W0	A0A7I2V3W0	A0A7I2V3W0_HUMAN	HNRNPA1	HNRNPA1	3178
A0A0S2Z3R3	A0A0S2Z3R3	A0A0S2Z3R3_HUMAN	CYP11A1	CYP11A1	1583
B7ZLW0	B7ZLW0	B7ZLW0_HUMAN	LPP	LPP	4026
E9PPU1	E9PPU1	E9PPU1_HUMAN	RPS3	RPS3	6188
E9PDQ8	E9PDQ8	E9PDQ8_HUMAN	SUCLG2	SUCLG2	8801
H7BZJ3	H7BZJ3	H7BZJ3_HUMAN	PDIA3	PDIA3	2923
J3QK89	J3QK89	J3QK89_HUMAN	CHERP	CHERP	10523
A0A2H4WPX0	A0A2H4WPX0	A0A2H4WPX0_HUMAN	HLA-A	HLA-A	3105
Q6NZ52	Q6NZ52	Q6NZ52_HUMAN	RPL27A	RPL27A	6157
A0A024R1K7	A0A024R1K7	A0A024R1K7_HUMAN	YWHAH hCG_41511	YWHAH	7533
Q9BUS0	Q9BUS0	Q9BUS0_HUMAN	ZYX	ZYX	7791
A0A804HLD0	A0A804HLD0	A0A804HLD0_HUMAN	ACTN1	ACTN1	87
A0A024QZU5	A0A024QZU5	A0A024QZU5_HUMAN	PECI hCG_21955	PECI	NA
A0A7P0TAN7	A0A7P0TAN7	A0A7P0TAN7_HUMAN	SLC3A2	SLC3A2	6520
B3KX11	B3KX11	B3KX11_HUMAN	NA	NA	7203
A6NJH9	A6NJH9	A6NJH9_HUMAN	EIF1AY	EIF1AY	9086
Q6FHY4	Q6FHY4	Q6FHY4_HUMAN	NAPG hCG_37210	NAPG	8774
Q6LET3	Q6LET3	Q6LET3_HUMAN	HPRT1	HPRT1	3251
A8K492	A8K492	A8K492_HUMAN	NA	NA	NA
A0A096LPI6	A0A096LPI6	A0A096LPI6_HUMAN	NA	NA	NA
A0A0A0MTI1	A0A0A0MTI1	A0A0A0MTI1_HUMAN	DHCR24	DHCR24	1718
F8VV57	F8VV57	F8VV57_HUMAN	KRT5	KRT5	3852
A0A6Q8PH91	A0A6Q8PH91	A0A6Q8PH91_HUMAN	MACROD1	MACROD1	28992
Q9NQ82	Q9NQ82	Q9NQ82_HUMAN	GDH	GDH	NA
B4DXW6	B4DXW6	B4DXW6_HUMAN	NA	NA	NA
A8K2M0	A8K2M0	A8K2M0_HUMAN	PSMC4 hCG_43346	PSMC4	5704
B4DDS7	B4DDS7	B4DDS7_HUMAN	NA	NA	NA
A0A140VK27	A0A140VK27	A0A140VK27_HUMAN	NA	NA	4048
H0YJT9	H0YJT9	H0YJT9_HUMAN	NDRG2	NDRG2	57447
A0A024RCJ2	A0A024RCJ2	A0A024RCJ2_HUMAN	HIST1H2BJ hCG_1641457	HIST1H2BJ	8970
Q6IBH6	Q6IBH6	Q6IBH6_HUMAN	RPL26	RPL26	6154
B2RA03	B2RA03	B2RA03_HUMAN	NA	NA	NA
H9ZYJ2	H9ZYJ2	H9ZYJ2_HUMAN	TXN	TXN	7295
Q8N274	Q8N274	Q8N274_HUMAN	NA	NA	NA
A0A024R4A5	A0A024R4A5	A0A024R4A5_HUMAN	TNRC15 hCG_33451	TNRC15	NA
V9HW96	V9HW96	V9HW96_HUMAN	HEL-S-100n CCT2 hCG_24460	HEL-S-100n	10576
H3BNC9	H3BNC9	H3BNC9_HUMAN	NA	NA	NA
Q53H37	Q53H37	Q53H37_HUMAN	NA	NA	51806
A0A7S5EU47	A0A7S5EU47	A0A7S5EU47_HUMAN	NA	NA	NA
A0A024R1K8	A0A024R1K8	A0A024R1K8_HUMAN	SF3A1 hCG_41298	SF3A1	10291
A0A1W2PR95	A0A1W2PR95	IGB1C_HUMAN	IGBP1C IGBP1P2	IGBP1C	NA
A0A1S5UZ39	A0A1S5UZ39	A0A1S5UZ39_HUMAN	HBA2	HBA2	3040
A0A140VJH7	A0A140VJH7	A0A140VJH7_HUMAN	NA	NA	26007
A8K9U0	A8K9U0	A8K9U0_HUMAN	NA	NA	NA
B4DYR6	B4DYR6	B4DYR6_HUMAN	NA	NA	10059
A0A286YF22	A0A286YF22	A0A286YF22_HUMAN	PHGDH	PHGDH	26227
F5H8H3	F5H8H3	F5H8H3_HUMAN	STARD10	STARD10	10809
A0A024R0Y6	A0A024R0Y6	A0A024R0Y6_HUMAN	ARF3 hCG_40390	ARF3	377
B4DDR3	B4DDR3	B4DDR3_HUMAN	NA	NA	8539
A0A0S2Z5I7	A0A0S2Z5I7	A0A0S2Z5I7_HUMAN	SBDS	SBDS	51119
Q8IY98	Q8IY98	Q8IY98_HUMAN	ACTR2	ACTR2	10097
Q6IBA2	Q6IBA2	Q6IBA2_HUMAN	PC4 SUB1 hCG_1781938	PC4	10923
A0A024R7T3	A0A024R7T3	A0A024R7T3_HUMAN	HNRPF hCG_1770443	HNRPF	3185
V9HWA2	V9HWA2	V9HWA2_HUMAN	HEL-S-166mP AKR7A2 hCG_40469	HEL-S-166mP	8574
A0A384MDW7	A0A384MDW7	A0A384MDW7_HUMAN	ECHS1 hCG_18928	ECHS1	1892
A8K520	A8K520	A8K520_HUMAN	PROSC	PROSC	NA
Q05DH1	Q05DH1	Q05DH1_HUMAN	PSMA7	PSMA7	5688
V9HW22	V9HW22	V9HW22_HUMAN	HEL-S-72p HEL-33 HSPA8 hCG_2032950	HEL-S-72p	3312
B2R983	B2R983	B2R983_HUMAN	NA	NA	NA
B1ANR0	B1ANR0	B1ANR0_HUMAN	PABPC4 hCG_2031827	PABPC4	8761
H0UID4	H0UID4	H0UID4_HUMAN	AP2B1 hCG_1992160	AP2B1	163
Q68DQ4	Q68DQ4	Q68DQ4_HUMAN	DKFZp779L0468	DKFZp779L0468	NA
K7ERE3	K7ERE3	K7ERE3_HUMAN	KRT13	KRT13	3860
Q9UK43	Q9UK43	Q9UK43_HUMAN	CSA2	CSA2	3550
Q53T70	Q53T70	Q53T70_HUMAN	RAB10	RAB10	10890
A8KAP3	A8KAP3	A8KAP3_HUMAN	NA	NA	NA
G3V4R5	G3V4R5	G3V4R5_HUMAN	ZC3H14	ZC3H14	79882
A0A0A0MSS8	A0A0A0MSS8	A0A0A0MSS8_HUMAN	AKR1C3	AKR1C3	8644
Q53GD8	Q53GD8	Q53GD8_HUMAN	NA	NA	NA
B2R9T9	B2R9T9	B2R9T9_HUMAN	NA	NA	NA
A0A087WUK2	A0A087WUK2	A0A087WUK2_HUMAN	HNRNPDL HNRPDL hCG_22986	HNRNPDL	9987
A0A494C085	A0A494C085	A0A494C085_HUMAN	UROD	UROD	7389
V9HWC6	V9HWC6	V9HWC6_HUMAN	HEL-S-39	HEL-S-39	NA
A0A024R936	A0A024R936	A0A024R936_HUMAN	NCF2 hCG_40728	NCF2	4688
A8K7Q1	A8K7Q1	A8K7Q1_HUMAN	NA	NA	4924
A0A7I2YQI1	A0A7I2YQI1	A0A7I2YQI1_HUMAN	STAT3	STAT3	6774
A0A087X2E5	A0A087X2E5	A0A087X2E5_HUMAN	IDH3B	IDH3B	3420
A0A024RB87	A0A024RB87	A0A024RB87_HUMAN	RAP1B hCG_15982	RAP1B	5908
B9A018	B9A018	B9A018_HUMAN	USP39	USP39	10713
A0A3Q8TMU7	A0A3Q8TMU7	A0A3Q8TMU7_HUMAN	MUC6	MUC6	4588
H0YN18	H0YN18	H0YN18_HUMAN	PSMA4	PSMA4	5685
B4DP27	B4DP27	B4DP27_HUMAN	NA	NA	NA
Q7Z7M4	Q7Z7M4	Q7Z7M4_HUMAN	SOD2	SOD2	6648
O94871	O94871	O94871_HUMAN	KIAA0773	KIAA0773	9715
Q6NWZ1	Q6NWZ1	Q6NWZ1_HUMAN	CKAP4	CKAP4	10970
B7Z523	B7Z523	B7Z523_HUMAN	NA	NA	50507
A0A1B0GW82	A0A1B0GW82	A0A1B0GW82_HUMAN	ALDH7A1	ALDH7A1	501
Q9NQ81	Q9NQ81	Q9NQ81_HUMAN	GDH	GDH	NA
M0QY97	M0QY97	M0QY97_HUMAN	ZC3H4	ZC3H4	23211
Q5VVC8	Q5VVC8	Q5VVC8_HUMAN	RPL11	RPL11	6135
E5RGS9	E5RGS9	E5RGS9_HUMAN	CHRAC1	CHRAC1	54108
H0Y858	H0Y858	H0Y858_HUMAN	NA	NA	NA
Q2LE71	Q2LE71	Q2LE71_HUMAN	ARPC3	ARPC3	10094
K7EKG4	K7EKG4	K7EKG4_HUMAN	TOMM40	TOMM40	10452
B2R491	B2R491	B2R491_HUMAN	RPS4X hCG_18634	RPS4X	6191
G3V0I5	G3V0I5	G3V0I5_HUMAN	NDUFV1 hCG_21057	NDUFV1	4723
D6R9P3	D6R9P3	D6R9P3_HUMAN	HNRNPAB	HNRNPAB	3182
E7EWR4	E7EWR4	E7EWR4_HUMAN	CSTF2	CSTF2	1478
A0A024R3Y6	A0A024R3Y6	A0A024R3Y6_HUMAN	IDH1 HEL-S-26 hCG_15937	IDH1	3417
Q53F20	Q53F20	Q53F20_HUMAN	NA	NA	NA
A0A0S2Z430	A0A0S2Z430	A0A0S2Z430_HUMAN	PCK2	PCK2	5106
A0A384MEK5	A0A384MEK5	A0A384MEK5_HUMAN	NA	NA	3383
B2R7L2	B2R7L2	B2R7L2_HUMAN	NA	NA	NA
Q5VSQ6	Q5VSQ6	Q5VSQ6_HUMAN	P4HA1 hCG_19276	P4HA1	5033
H0YAR2	H0YAR2	H0YAR2_HUMAN	PABPC1	PABPC1	26986
A0A2R8YCS7	A0A2R8YCS7	A0A2R8YCS7_HUMAN	SAMHD1	SAMHD1	25939
E9PKZ0	E9PKZ0	E9PKZ0_HUMAN	RPL8	RPL8	6132
B2R6J2	B2R6J2	B2R6J2_HUMAN	NA	NA	NA
C9J9K3	C9J9K3	C9J9K3_HUMAN	RPSA	RPSA	3921
E9PKG6	E9PKG6	E9PKG6_HUMAN	NUCB2	NUCB2	4925
C9J1E7	C9J1E7	C9J1E7_HUMAN	AP1B1	AP1B1	162
A0A384NPU5	A0A384NPU5	A0A384NPU5_HUMAN	NA	NA	10130
Q5VXV3	Q5VXV3	Q5VXV3_HUMAN	SET hCG_40357	SET	6418
C9J363	C9J363	C9J363_HUMAN	PDCD10 hCG_27561	PDCD10	11235
A0A140VJK6	A0A140VJK6	A0A140VJK6_HUMAN	NA	NA	8833
H0Y938	H0Y938	H0Y938_HUMAN	COPB2	COPB2	9276
B4E0S6	B4E0S6	B4E0S6_HUMAN	NA	NA	NA
G3V3E6	G3V3E6	G3V3E6_HUMAN	ERO1A	ERO1A	30001
A0A2U9QGI0	A0A2U9QGI0	A0A2U9QGI0_HUMAN	NAP1L4 NUTM1D fusion	NAP1L4	4676
A0A024QZX5	A0A024QZX5	A0A024QZX5_HUMAN	SERPINB6 hCG_22875	SERPINB6	5269
B4DUI2	B4DUI2	B4DUI2_HUMAN	NA	NA	NA
E7EPL9	E7EPL9	E7EPL9_HUMAN	HSD17B4	HSD17B4	3295
V9HWE7	V9HWE7	V9HWE7_HUMAN	HEL-S-19	HEL-S-19	2584
A0A5H1ZRQ2	A0A5H1ZRQ2	A0A5H1ZRQ2_HUMAN	DDX17	DDX17	10521
Q7Z4Z6	Q7Z4Z6	Q7Z4Z6_HUMAN	NA	NA	NA
U3KQ56	U3KQ56	U3KQ56_HUMAN	GRHPR	GRHPR	9380
B7Z8A2	B7Z8A2	B7Z8A2_HUMAN	NA	NA	NA
Q53EY8	Q53EY8	Q53EY8_HUMAN	NA	NA	NA
A0A7I2V2F9	A0A7I2V2F9	A0A7I2V2F9_HUMAN	ITGB1	ITGB1	3688
Q5JPB8	Q5JPB8	Q5JPB8_HUMAN	DKFZp686O1117	DKFZp686O1117	10072
B3KUJ5	B3KUJ5	B3KUJ5_HUMAN	NA	NA	NA
A0A140VJZ1	A0A140VJZ1	A0A140VJZ1_HUMAN	NA	NA	8078
A0A0C4DG89	A0A0C4DG89	A0A0C4DG89_HUMAN	DDX46	DDX46	9879
A0A024QZT4	A0A024QZT4	A0A024QZT4_HUMAN	SERPINB9 hCG_1811695	SERPINB9	5272
I3L397	I3L397	I3L397_HUMAN	EIF5A	EIF5A	1984
B4DMX4	B4DMX4	B4DMX4_HUMAN	NA	NA	NA
Q5HYL6	Q5HYL6	Q5HYL6_HUMAN	DKFZp686E1899	DKFZp686E1899	NA
A0A1B0GVU9	A0A1B0GVU9	A0A1B0GVU9_HUMAN	QARS1	QARS1	5859
V9HW98	V9HW98	V9HW98_HUMAN	HEL2	HEL2	7531
A0A087WT95	A0A087WT95	A0A087WT95_HUMAN	ACOT2	ACOT2	10965
V9HW71	V9HW71	V9HW71_HUMAN	HEL-S-107 ERP29 hCG_40139	HEL-S-107	10961
A0A384MTQ5	A0A384MTQ5	A0A384MTQ5_HUMAN	NA	NA	NA
A0A024RAC5	A0A024RAC5	A0A024RAC5_HUMAN	RCC2 hCG_25129	RCC2	55920
C9JXZ0	C9JXZ0	C9JXZ0_HUMAN	PLOD2	PLOD2	5352
A0A384MTQ3	A0A384MTQ3	A0A384MTQ3_HUMAN	NA	NA	191
A0A024RBX9	A0A024RBX9	A0A024RBX9_HUMAN	PDHA1 hCG_17571	PDHA1	5160
B4DX14	B4DX14	B4DX14_HUMAN	NA	NA	NA
Q2VF42	Q2VF42	Q2VF42_HUMAN	G6PD	G6PD	2539
B2R4M6	B2R4M6	B2R4M6_HUMAN	NA	NA	NA
A0A2R8Y5S7	A0A2R8Y5S7	A0A2R8Y5S7_HUMAN	RDX	RDX	5962
X5D8S1	X5D8S1	X5D8S1_HUMAN	ABAT	ABAT	18
E7ES08	E7ES08	E7ES08_HUMAN	HMGB3	HMGB3	3149
Q3SYB5	Q3SYB5	Q3SYB5_HUMAN	SERPINB12	SERPINB12	89777
A0A024R4C0	A0A024R4C0	A0A024R4C0_HUMAN	FLJ22671 hCG_19444	FLJ22671	79919
Q6P9C2	Q6P9C2	Q6P9C2_HUMAN	DUSP9	DUSP9	1852
I0B0K8	I0B0K8	I0B0K8_HUMAN	FLG	FLG	2312
B3KXU8	B3KXU8	B3KXU8_HUMAN	NA	NA	NA
E9KL44	E9KL44	E9KL44_HUMAN	NA	NA	3030
Q2VEU1	Q2VEU1	Q2VEU1_HUMAN	MPST	MPST	4357
A0A0A0MRJ6	A0A0A0MRJ6	A0A0A0MRJ6_HUMAN	NA	NA	5110
B2R6X2	B2R6X2	B2R6X2_HUMAN	NA	NA	NA
Q86U62	Q86U62	Q86U62_HUMAN	NA	NA	NA
A0A384NPW1	A0A384NPW1	A0A384NPW1_HUMAN	NA	NA	NA
B2R4R9	B2R4R9	B2R4R9_HUMAN	RPS28 hCG_23961 hCG_26477	RPS28	6234
Q7L2M7	Q7L2M7	Q7L2M7_HUMAN	PFKL	PFKL	5211
I3L0A0	I3L0A0	I3L0A0_HUMAN	PEDS1-UBE2V1 hCG_2044781	PEDS1-UBE2V1	387522
F5H5D3	F5H5D3	F5H5D3_HUMAN	TUBA1C	TUBA1C	84790
B3KPS3	B3KPS3	B3KPS3_HUMAN	NA	NA	NA
J3QK86	J3QK86	J3QK86_HUMAN	BAZ2A hCG_24994	BAZ2A	11176
V9HWC9	V9HWC9	V9HWC9_HUMAN	HEL-S-44	HEL-S-44	6647
G5E9L0	G5E9L0	G5E9L0_HUMAN	ARFGAP2	ARFGAP2	84364
A0A494C028	A0A494C028	A0A494C028_HUMAN	DEK	DEK	7913
A0A024R4X0	A0A024R4X0	A0A024R4X0_HUMAN	CYB5R3 hCG_41905	CYB5R3	1727
B7Z957	B7Z957	B7Z957_HUMAN	NA	NA	NA
A0A024R9A9	A0A024R9A9	A0A024R9A9_HUMAN	UBE2T hCG_2027327	UBE2T	29089
B4DSN2	B4DSN2	B4DSN2_HUMAN	NA	NA	57380
E9PFT6	E9PFT6	E9PFT6_HUMAN	HBD	HBD	3045
Q6FI45	Q6FI45	Q6FI45_HUMAN	ADH5	ADH5	128
B0ZBE2	B0ZBE2	B0ZBE2_HUMAN	AGT hFLT1 hCG_14741	AGT	183
D5HR46	D5HR46	D5HR46_HUMAN	NA	NA	NA
E7EQR6	E7EQR6	E7EQR6_HUMAN	TCP1	TCP1	6950
A0A024R5K8	A0A024R5K8	A0A024R5K8_HUMAN	SERPINH1 hCG_26462	SERPINH1	871
A0A140VK65	A0A140VK65	A0A140VK65_HUMAN	NA	NA	526
B2R8A2	B2R8A2	B2R8A2_HUMAN	NA	NA	NA
E9PIE4	E9PIE4	E9PIE4_HUMAN	MTCH2	MTCH2	23788
B3KTA3	B3KTA3	B3KTA3_HUMAN	NA	NA	6624
Q6N041	Q6N041	Q6N041_HUMAN	DKFZp686O16217	DKFZp686O16217	NA
Q8NDP0	Q8NDP0	Q8NDP0_HUMAN	DKFZp586G1518	DKFZp586G1518	NA
A0A024R1X8	A0A024R1X8	A0A024R1X8_HUMAN	JUP hCG_1771506	JUP	3728
Q3MIH3	Q3MIH3	Q3MIH3_HUMAN	UBA52 hCG_37048	UBA52	7311
H0Y804	H0Y804	H0Y804_HUMAN	AKR1C1	AKR1C1	1645
B4DH02	B4DH02	B4DH02_HUMAN	NA	NA	NA
A4FU77	A4FU77	A4FU77_HUMAN	SNRNP200	SNRNP200	23020
Q96DI9	Q96DI9	Q96DI9_HUMAN	POLDIP3	POLDIP3	84271
B4DUE0	B4DUE0	B4DUE0_HUMAN	NA	NA	NA
B5BUD2	B5BUD2	B5BUD2_HUMAN	RFC2	RFC2	5982
A0A140VJQ4	A0A140VJQ4	A0A140VJQ4_HUMAN	NA	NA	4942
U3KQK0	U3KQK0	U3KQK0_HUMAN	H2BC15 HIST1H2BN hCG_1743059	H2BC15	8341
A0A2C9F2P4	A0A2C9F2P4	A0A2C9F2P4_HUMAN	PPT1	PPT1	5538
Q7Z5A3	Q7Z5A3	Q7Z5A3_HUMAN	SNRPD1	SNRPD1	6632
Q59EF0	Q59EF0	Q59EF0_HUMAN	NA	NA	NA
A0A0A0MSQ0	A0A0A0MSQ0	A0A0A0MSQ0_HUMAN	NA	NA	NA
A0A1W2PPZ5	A0A1W2PPZ5	A0A1W2PPZ5_HUMAN	TCEA1	TCEA1	6917
B4DP80	B4DP80	B4DP80_HUMAN	APOA1BP AIBP	APOA1BP	NA
Q71V07	Q71V07	Q71V07_HUMAN	NA	NA	NA
A0A2R8Y811	A0A2R8Y811	A0A2R8Y811_HUMAN	RPS14	RPS14	6208
B2RBR9	B2RBR9	B2RBR9_HUMAN	NA	NA	NA
A0A384P5T6	A0A384P5T6	A0A384P5T6_HUMAN	NA	NA	10525
B2R6F3	B2R6F3	B2R6F3_HUMAN	SFRS3 hCG_14802	SFRS3	6428
A0A024R8M4	A0A024R8M4	A0A024R8M4_HUMAN	PRPSAP1 hCG_30891	PRPSAP1	5635
A0A0D9SFL3	A0A0D9SFL3	A0A0D9SFL3_HUMAN	EWSR1	EWSR1	2130
B4DR66	B4DR66	B4DR66_HUMAN	NA	NA	NA
B4DHC4	B4DHC4	B4DHC4_HUMAN	NA	NA	NA
A0A0S2Z4C3	A0A0S2Z4C3	A0A0S2Z4C3_HUMAN	FH	FH	2271
B2RB07	B2RB07	B2RB07_HUMAN	NA	NA	NA
V9HWD8	V9HWD8	V9HWD8_HUMAN	HEL-S-163pA	HEL-S-163pA	1
V9HW41	V9HW41	V9HW41_HUMAN	HEL-S-71 UBE2N hCG_38950	HEL-S-71	7334
Q6FGQ5	Q6FGQ5	Q6FGQ5_HUMAN	ASGR1 hCG_1985284	ASGR1	432
A0A087X1G7	A0A087X1G7	A0A087X1G7_HUMAN	NA	NA	NA
A8K6V3	A8K6V3	A8K6V3_HUMAN	NA	NA	23450
Q6IAT1	Q6IAT1	Q6IAT1_HUMAN	GDI2 HEL-S-46e hCG_24071	GDI2	2665
D3DVQ1	D3DVQ1	D3DVQ1_HUMAN	LETM1 hCG_1818300	LETM1	3954
A0A024RBA9	A0A024RBA9	A0A024RBA9_HUMAN	RAB21 hCG_1641532	RAB21	23011
A0A384NKQ2	A0A384NKQ2	A0A384NKQ2_HUMAN	NA	NA	7263
B4DDI9	B4DDI9	B4DDI9_HUMAN	NA	NA	NA
A0A384NPY7	A0A384NPY7	A0A384NPY7_HUMAN	LMAN2 hCG_1981210	LMAN2	10960
A8K3C3	A8K3C3	A8K3C3_HUMAN	NA	NA	NA
J3KQE5	J3KQE5	J3KQE5_HUMAN	RAN	RAN	5901
B2R6E5	B2R6E5	B2R6E5_HUMAN	POR	POR	5447
B2RBH3	B2RBH3	B2RBH3_HUMAN	NA	NA	NA
A0A1J0GNC2	A0A1J0GNC2	A0A1J0GNC2_HUMAN	NA	NA	NA
A0A140VJJ6	A0A140VJJ6	A0A140VJJ6_HUMAN	NA	NA	2266
V9HWF2	V9HWF2	V9HWF2_HUMAN	HEL-S-32	HEL-S-32	4190
G3V438	G3V438	G3V438_HUMAN	AHSA1	AHSA1	10598
B4E299	B4E299	B4E299_HUMAN	NA	NA	NA
B4DUS0	B4DUS0	B4DUS0_HUMAN	NA	NA	NA
B4E2S7	B4E2S7	B4E2S7_HUMAN	NA	NA	NA
A8K3M9	A8K3M9	A8K3M9_HUMAN	NA	NA	NA
A0A024RCA7	A0A024RCA7	A0A024RCA7_HUMAN	RPLP2 hCG_1778304	RPLP2	6181
A0A6Q8PFJ0	A0A6Q8PFJ0	A0A6Q8PFJ0_HUMAN	LMNA	LMNA	4000
A0A7I2YQ74	A0A7I2YQ74	A0A7I2YQ74_HUMAN	UGP2	UGP2	7360
B2R644	B2R644	B2R644_HUMAN	DDAH1 HEL-S-16 hCG_2040048	DDAH1	23576
E7ERF2	E7ERF2	E7ERF2_HUMAN	TCP1	TCP1	6950
B7Z8W8	B7Z8W8	B7Z8W8_HUMAN	NA	NA	NA
A0A024RBX6	A0A024RBX6	A0A024RBX6_HUMAN	PIR hCG_15752	PIR	8544
A0A0S2Z4Y4	A0A0S2Z4Y4	A0A0S2Z4Y4_HUMAN	CLINT1	CLINT1	9685
Q75MH1	Q75MH1	Q75MH1_HUMAN	RPS26 LOC285938 hCG_1745083 tcag7.125	RPS26	6231
B2R7D2	B2R7D2	B2R7D2_HUMAN	NA	NA	NA
M0R0C6	M0R0C6	M0R0C6_HUMAN	KHSRP hCG_23049	KHSRP	8570
A0A0S2Z5L0	A0A0S2Z5L0	A0A0S2Z5L0_HUMAN	GINS3	GINS3	64785
H0YJY5	H0YJY5	H0YJY5_HUMAN	CCDC85C	CCDC85C	317762
A4D2P2	A4D2P2	A4D2P2_HUMAN	RAC1 hCG_14926 tcag7.839	RAC1	5879
A0A140VJS7	A0A140VJS7	A0A140VJS7_HUMAN	NA	NA	5693
C9JQD4	C9JQD4	C9JQD4_HUMAN	PPIH hCG_21746	PPIH	10465
A0A140VK69	A0A140VK69	A0A140VK69_HUMAN	NA	NA	2805
A0A5H2UZT1	A0A5H2UZT1	A0A5H2UZT1_HUMAN	HLA-DQB1	HLA-DQB1	3119
A0A3S6H7E9	A0A3S6H7E9	A0A3S6H7E9_HUMAN	PRMT1 ANM1 HCP1 HRMT1L2 IR1B4	PRMT1	3276
Q53HU0	Q53HU0	Q53HU0_HUMAN	NA	NA	NA
A0A0A0MT83	A0A0A0MT83	A0A0A0MT83_HUMAN	IVD	IVD	3712
C9JEJ2	C9JEJ2	C9JEJ2_HUMAN	PCYT1A	PCYT1A	5130
V9HW92	V9HW92	V9HW92_HUMAN	HEL-S-112 PDLIM1 hCG_39492	HEL-S-112	9124
H0YJM8	H0YJM8	H0YJM8_HUMAN	PSMB5	PSMB5	5693
A0A2R8Y611	A0A2R8Y611	A0A2R8Y611_HUMAN	NA	NA	NA
A3KFL2	A3KFL2	A3KFL2_HUMAN	EXOSC2	EXOSC2	23404
V9HW59	V9HW59	V9HW59_HUMAN	HEL-S-274	HEL-S-274	NA
B2RDD7	B2RDD7	B2RDD7_HUMAN	NA	NA	NA
A8K4T6	A8K4T6	A8K4T6_HUMAN	NA	NA	NA
Q60FE6	Q60FE6	Q60FE6_HUMAN	FLNA	FLNA	2316
A8K455	A8K455	A8K455_HUMAN	NA	NA	NA
F4ZW65	F4ZW65	F4ZW65_HUMAN	NA	NA	NA
H3BM42	H3BM42	H3BM42_HUMAN	GLG1 hCG_1980142	GLG1	2734
Q59GX9	Q59GX9	Q59GX9_HUMAN	NA	NA	NA
Q1JQ76	Q1JQ76	Q1JQ76_HUMAN	RPL10A	RPL10A	4736
A0A024RCZ8	A0A024RCZ8	A0A024RCZ8_HUMAN	KLC4 hCG_17653	KLC4	89953
H7C3A1	H7C3A1	H7C3A1_HUMAN	SRRT	SRRT	51593
H3BNU9	H3BNU9	H3BNU9_HUMAN	CARHSP1	CARHSP1	23589
A0A0C4DGG2	A0A0C4DGG2	A0A0C4DGG2_HUMAN	COX7B2	COX7B2	170712
H0YG07	H0YG07	H0YG07_HUMAN	MLEC	MLEC	9761
A0A024R1W3	A0A024R1W3	A0A024R1W3_HUMAN	FKBP10 hCG_1771525	FKBP10	60681
Q71UA4	Q71UA4	Q71UA4_HUMAN	NA	NA	NA
A0A0A0MQU3	A0A0A0MQU3	A0A0A0MQU3_HUMAN	NA	NA	NA
B2R950	B2R950	B2R950_HUMAN	NA	NA	NA
A0A7I2V2S3	A0A7I2V2S3	A0A7I2V2S3_HUMAN	XPO1	XPO1	7514
Q6IAX2	Q6IAX2	Q6IAX2_HUMAN	RPL21 hCG_2020044	RPL21	6144
C9JDL1	C9JDL1	C9JDL1_HUMAN	KHK	KHK	3795
Q05DB4	Q05DB4	Q05DB4_HUMAN	HEBP2	HEBP2	23593
H0YHG0	H0YHG0	H0YHG0_HUMAN	NA	NA	NA
B4DSB9	B4DSB9	B4DSB9_HUMAN	NA	NA	NA
E7ETF4	E7ETF4	E7ETF4_HUMAN	UGDH	UGDH	7358
Q9Y3E8	Q9Y3E8	Q9Y3E8_HUMAN	NA	NA	NA
Q5U0I6	Q5U0I6	Q5U0I6_HUMAN	RAB1A hCG_22592	RAB1A	5861
B4DJV9	B4DJV9	B4DJV9_HUMAN	NA	NA	NA
H3BUA3	H3BUA3	H3BUA3_HUMAN	CES3	CES3	23491
A0A087X1B1	A0A087X1B1	A0A087X1B1_HUMAN	IKBKG	IKBKG	8517
B4DRB7	B4DRB7	B4DRB7_HUMAN	NA	NA	NA
Q6FI35	Q6FI35	Q6FI35_HUMAN	PCNA	PCNA	5111
E9PQS1	E9PQS1	E9PQS1_HUMAN	C11orf54	C11orf54	28970
A0A7I2V351	A0A7I2V351	A0A7I2V351_HUMAN	KPNA2	KPNA2	3838
Q6NVC0	Q6NVC0	Q6NVC0_HUMAN	SLC25A5	SLC25A5	292
A0A7I2V4G0	A0A7I2V4G0	A0A7I2V4G0_HUMAN	HNRNPA3	HNRNPA3	220988
A0A384MR50	A0A384MR50	A0A384MR50_HUMAN	NA	NA	832
Q6FHT1	Q6FHT1	Q6FHT1_HUMAN	MTAP HEL-249	MTAP	4507
B4DRA5	B4DRA5	B4DRA5_HUMAN	NA	NA	NA
A0A804HHW5	A0A804HHW5	A0A804HHW5_HUMAN	HSD17B10	HSD17B10	3028
K7ENV3	K7ENV3	K7ENV3_HUMAN	KRT16	KRT16	3868
A0A494BXC7	A0A494BXC7	A0A494BXC7_HUMAN	CMPK1	CMPK1	51727
I6L975	I6L975	I6L975_HUMAN	HSDL1	HSDL1	83693
A0A024QZN9	A0A024QZN9	A0A024QZN9_HUMAN	VDAC2 hCG_23984	VDAC2	7417
A0A140VJK1	A0A140VJK1	A0A140VJK1_HUMAN	NA	NA	10539
A0A140VJY7	A0A140VJY7	A0A140VJY7_HUMAN	NA	NA	84817
X6RCK5	X6RCK5	X6RCK5_HUMAN	DCTN3	DCTN3	11258
B5BU83	B5BU83	B5BU83_HUMAN	STMN1	STMN1	3925
A0A024R4X4	A0A024R4X4	A0A024R4X4_HUMAN	hCG_16873	hCG_16873	1120
Q9H7G6	Q9H7G6	Q9H7G6_HUMAN	NA	NA	NA
A0A109NGN6	A0A109NGN6	A0A109NGN6_HUMAN	NA	NA	5686
A0A288QBX4	A0A288QBX4	A0A288QBX4_HUMAN	HLA-A	HLA-A	3105
Q53SB6	Q53SB6	Q53SB6_HUMAN	DNPEP	DNPEP	23549
Q14329	Q14329	Q14329_HUMAN	NA	NA	NA
A0A384MDW6	A0A384MDW6	A0A384MDW6_HUMAN	NA	NA	130589
A0A384NL22	A0A384NL22	A0A384NL22_HUMAN	PSMB3 hCG_31398	PSMB3	5691
A0A140VJL0	A0A140VJL0	A0A140VJL0_HUMAN	NA	NA	26275
H3BV55	H3BV55	H3BV55_HUMAN	PMM2	PMM2	5373
J3KQ32	J3KQ32	J3KQ32_HUMAN	OLA1	OLA1	29789
E9PHZ5	E9PHZ5	E9PHZ5_HUMAN	CTSB	CTSB	1508
E7DVW5	E7DVW5	E7DVW5_HUMAN	FABP5	FABP5	2171
A0A024R4Q8	A0A024R4Q8	A0A024R4Q8_HUMAN	RPS5 hCG_201358	RPS5	6193
H3BT65	H3BT65	H3BT65_HUMAN	CIAPIN1	CIAPIN1	57019
F8W914	F8W914	F8W914_HUMAN	NA	NA	NA
H3BUF6	H3BUF6	H3BUF6_HUMAN	ATXN2L	ATXN2L	11273
Q53SS8	Q53SS8	Q53SS8_HUMAN	PCBP1 HEL-S-85 hCG_1776997	PCBP1	5093
A0A024R5Q7	A0A024R5Q7	A0A024R5Q7_HUMAN	ADSS ADSS2 hCG_15389	ADSS	159
J3QLE5	J3QLE5	J3QLE5_HUMAN	SNRPN	SNRPN	6638
A0A140VK43	A0A140VK43	A0A140VK43_HUMAN	NA	NA	5684
F8W8N3	F8W8N3	F8W8N3_HUMAN	SKP1	SKP1	6500
B7ZLE5	B7ZLE5	B7ZLE5_HUMAN	FN1	FN1	2335
Q7Z3W9	Q7Z3W9	Q7Z3W9_HUMAN	DKFZp686G18222	DKFZp686G18222	NA
S4R3J5	S4R3J5	S4R3J5_HUMAN	DNAJC8	DNAJC8	22826
A0A384P5Q0	A0A384P5Q0	A0A384P5Q0_HUMAN	NA	NA	847
D3DQS4	D3DQS4	D3DQS4_HUMAN	FNBP4 hCG_25190	FNBP4	23360
D3YTC1	D3YTC1	D3YTC1_HUMAN	MRPL35	MRPL35	51318
Q567R6	Q567R6	Q567R6_HUMAN	SSBP1	SSBP1	6742
B2RB70	B2RB70	B2RB70_HUMAN	NCALD hCG_16241	NCALD	83988
B4DU69	B4DU69	B4DU69_HUMAN	NA	NA	NA
A0A384N647	A0A384N647	A0A384N647_HUMAN	AK4 AK3L1	AK4	205
Q59EH3	Q59EH3	Q59EH3_HUMAN	NA	NA	52
Q53FC3	Q53FC3	Q53FC3_HUMAN	NA	NA	10016
A0A024R138	A0A024R138	A0A024R138_HUMAN	GPD1 hCG_20197	GPD1	2819
B2RWM5	B2RWM5	B2RWM5_HUMAN	CNN2	CNN2	1265
E9PQ74	E9PQ74	E9PQ74_HUMAN	GAS2	GAS2	2620
Q4LE60	Q4LE60	Q4LE60_HUMAN	TNPO2 variant protein	TNPO2	30000
B4DHR4	B4DHR4	B4DHR4_HUMAN	SLC25A27 hCG_16892	SLC25A27	9481
J3KRY8	J3KRY8	J3KRY8_HUMAN	ASPSCR1	ASPSCR1	79058
C9JX88	C9JX88	C9JX88_HUMAN	PSMC2	PSMC2	5701
A0A7L4X8T3	A0A7L4X8T3	A0A7L4X8T3_HUMAN	HLA-A	HLA-A	3105
A0A024R261	A0A024R261	A0A024R261_HUMAN	hCG_24487	hCG_24487	6139
Q5TZZ9	Q5TZZ9	Q5TZZ9_HUMAN	ANXA1 hCG_17305	ANXA1	301
C9JG97	C9JG97	C9JG97_HUMAN	AAMP	AAMP	14
A0A7I2YQX2	A0A7I2YQX2	A0A7I2YQX2_HUMAN	NDUFAF2	NDUFAF2	91942
Q504R6	Q504R6	Q504R6_HUMAN	RAB13	RAB13	5872
B4E0X8	B4E0X8	B4E0X8_HUMAN	NA	NA	NA
H3BSA6	H3BSA6	H3BSA6_HUMAN	DCTPP1	DCTPP1	79077
Q05D08	Q05D08	Q05D08_HUMAN	PA2G4	PA2G4	5036
A0A384MR44	A0A384MR44	A0A384MR44_HUMAN	NA	NA	1891
Q59EI9	Q59EI9	Q59EI9_HUMAN	NA	NA	NA
E5RJR5	E5RJR5	E5RJR5_HUMAN	SKP1	SKP1	6500
A0A024RA75	A0A024RA75	A0A024RA75_HUMAN	HIBADH hCG_39034	HIBADH	11112
A0A087WY55	A0A087WY55	A0A087WY55_HUMAN	VTA1 C6orf55 hCG_18120	VTA1	51534
B3KT66	B3KT66	B3KT66_HUMAN	PSMD6 hCG_23509	PSMD6	9861
Q53XC0	Q53XC0	Q53XC0_HUMAN	EIF2S1 hCG_21909	EIF2S1	1965
Q6FII1	Q6FII1	Q6FII1_HUMAN	LOC51064 GSTK1 hCG_20682 tcag7.883	LOC51064	373156
A0A6Q8PHA5	A0A6Q8PHA5	A0A6Q8PHA5_HUMAN	HARS1	HARS1	3035
V9HWB5	V9HWB5	V9HWB5_HUMAN	HEL-S-66p PPA1 hCG_2024809	HEL-S-66p	5464
J3KR44	J3KR44	J3KR44_HUMAN	NA	NA	NA
A0A024R9Z0	A0A024R9Z0	A0A024R9Z0_HUMAN	NDUFA4 hCG_18424	NDUFA4	4697
E9PGT6	E9PGT6	E9PGT6_HUMAN	COPS8	COPS8	10920
V5IRT4	V5IRT4	V5IRT4_HUMAN	UQCC2	UQCC2	84300
E9PBF6	E9PBF6	E9PBF6_HUMAN	LMNB1	LMNB1	4001
X6RFN3	X6RFN3	X6RFN3_HUMAN	RNF2	RNF2	6045
A0A024QZ64	A0A024QZ64	A0A024QZ64_HUMAN	ALDOC hCG_31801	ALDOC	230
A0A140VJE7	A0A140VJE7	A0A140VJE7_HUMAN	NA	NA	164
B4DLT1	B4DLT1	B4DLT1_HUMAN	NA	NA	9559
A0A087WUL4	A0A087WUL4	A0A087WUL4_HUMAN	PEG10	PEG10	23089
B5BUI8	B5BUI8	B5BUI8_HUMAN	DUSP3	DUSP3	1845
Q5JW30	Q5JW30	Q5JW30_HUMAN	STAU1	STAU1	6780
E9PAL7	E9PAL7	E9PAL7_HUMAN	SSR1	SSR1	6745
A0A494C1N0	A0A494C1N0	A0A494C1N0_HUMAN	FKBP2	FKBP2	2286
A0A024R3M1	A0A024R3M1	A0A024R3M1_HUMAN	THYN1 hCG_37604	THYN1	29087
B7Z826	B7Z826	B7Z826_HUMAN	NA	NA	23418
A0A7I2V621	A0A7I2V621	A0A7I2V621_HUMAN	PTBP1	PTBP1	5725
V9HW44	V9HW44	V9HW44_HUMAN	HEL-S-303 PAFAH1B2 hCG_39271	HEL-S-303	5049
A0A024RDP4	A0A024RDP4	A0A024RDP4_HUMAN	PSPC1 hCG_2019837	PSPC1	55269
H0YN26	H0YN26	H0YN26_HUMAN	ANP32A	ANP32A	8125
F5H6P7	F5H6P7	F5H6P7_HUMAN	MAGOHB	MAGOHB	55110
Q6FHX6	Q6FHX6	Q6FHX6_HUMAN	FEN1 hCG_40848	FEN1	2237
B4DL86	B4DL86	B4DL86_HUMAN	NA	NA	NA
A0A1B0GVD5	A0A1B0GVD5	A0A1B0GVD5_HUMAN	CTSD	CTSD	1509
C9JP16	C9JP16	C9JP16_HUMAN	CRTAP	CRTAP	10491
A0A0A0MRE6	A0A0A0MRE6	A0A0A0MRE6_HUMAN	NA	NA	NA
B3KUJ0	B3KUJ0	B3KUJ0_HUMAN	NA	NA	10262
Q96CV8	Q96CV8	Q96CV8_HUMAN	THOP1	THOP1	7064
V9HWJ5	V9HWJ5	V9HWJ5_HUMAN	HEL-S-90n QPRT	HEL-S-90n	23475
H3BQZ9	H3BQZ9	H3BQZ9_HUMAN	APRT	APRT	353
B4DVE1	B4DVE1	B4DVE1_HUMAN	NA	NA	NA
B4DL85	B4DL85	B4DL85_HUMAN	NA	NA	NA
E9KL35	E9KL35	E9KL35_HUMAN	NA	NA	10399
Q9H1C9	Q9H1C9	Q9H1C9_HUMAN	NA	NA	NA
Q5T8U2	Q5T8U2	Q5T8U2_HUMAN	RPL7A RP11-244N20.10-005	RPL7A	6130
A0A6Q8PG52	A0A6Q8PG52	A0A6Q8PG52_HUMAN	RAB7A	RAB7A	7879
A0A140VK44	A0A140VK44	A0A140VK44_HUMAN	NA	NA	5687
A0A1W2PNV4	A0A1W2PNV4	A0A1W2PNV4_HUMAN	NA	NA	NA
Q4QQH1	Q4QQH1	Q4QQH1_HUMAN	SLITRK5	SLITRK5	26050
A0A0S2Z3P9	A0A0S2Z3P9	A0A0S2Z3P9_HUMAN	ACADSB	ACADSB	36
C9J4Z3	C9J4Z3	C9J4Z3_HUMAN	RPL37A hCG_16380	RPL37A	6168
M0QZC5	M0QZC5	M0QZC5_HUMAN	RPS11	RPS11	6205
A0A140VJS0	A0A140VJS0	A0A140VJS0_HUMAN	NA	NA	5516
A0A0K0K1K7	A0A0K0K1K7	A0A0K0K1K7_HUMAN	HEL-S-304 PGLS hCG_1778174	HEL-S-304	25796
Q4W5H3	Q4W5H3	Q4W5H3_HUMAN	PAPSS1	PAPSS1	9061
B4DNK3	B4DNK3	B4DNK3_HUMAN	NA	NA	9255
Q76LA1	Q76LA1	Q76LA1_HUMAN	CSTB hCG_401291	CSTB	1476
A8K7A4	A8K7A4	A8K7A4_HUMAN	NA	NA	NA
Q59GA1	Q59GA1	Q59GA1_HUMAN	NA	NA	NA
B3KW64	B3KW64	B3KW64_HUMAN	NA	NA	3081
M0QXF7	M0QXF7	M0QXF7_HUMAN	MYDGF	MYDGF	56005
A0A024R8U9	A0A024R8U9	A0A024R8U9_HUMAN	PYCR1 hCG_38803	PYCR1	5831
H3BND4	H3BND4	H3BND4_HUMAN	PDXDC1	PDXDC1	23042
B2RE46	B2RE46	B2RE46_HUMAN	NA	NA	NA
F8WBR5	F8WBR5	F8WBR5_HUMAN	CALM2	CALM2	805
E9PMI6	E9PMI6	E9PMI6_HUMAN	CLNS1A	CLNS1A	1207
A0A140TA69	A0A140TA69	A0A140TA69_HUMAN	KRT34	KRT34	3885
B2RB23	B2RB23	B2RB23_HUMAN	NA	NA	NA
B5MBZ0	B5MBZ0	B5MBZ0_HUMAN	EML4	EML4	27436
Q8WVW9	Q8WVW9	Q8WVW9_HUMAN	NA	NA	NA
A0A2U3TZU2	A0A2U3TZU2	A0A2U3TZU2_HUMAN	GPI	GPI	2821
E9PP73	E9PP73	E9PP73_HUMAN	COPB1	COPB1	1315
Q05BV5	Q05BV5	Q05BV5_HUMAN	OGFR	OGFR	11054
D6RBW1	D6RBW1	D6RBW1_HUMAN	EIF4E	EIF4E	1977
Q4LE36	Q4LE36	Q4LE36_HUMAN	ACLY variant protein	ACLY	47
A0A140VK56	A0A140VK56	A0A140VK56_HUMAN	NA	NA	6888
A0A024R539	A0A024R539	A0A024R539_HUMAN	LOC51035 hCG_1818009	LOC51035	51035
A0A0S2Z377	A0A0S2Z377	A0A0S2Z377_HUMAN	ANXA6 hCG_39152	ANXA6	309
Q6IB11	Q6IB11	Q6IB11_HUMAN	PGRMC1 hCG_23188	PGRMC1	10857
H0YE29	H0YE29	H0YE29_HUMAN	ARHGAP1	ARHGAP1	392
B4DUH1	B4DUH1	B4DUH1_HUMAN	NA	NA	35
A6NLM8	A6NLM8	A6NLM8_HUMAN	SSR4	SSR4	6748
A0A1B0GUA4	A0A1B0GUA4	A0A1B0GUA4_HUMAN	ASAH1	ASAH1	427
A8K4W0	A8K4W0	A8K4W0_HUMAN	RPS3A	RPS3A	6189
A0A140VJG8	A0A140VJG8	A0A140VJG8_HUMAN	NA	NA	1312
B7Z795	B7Z795	B7Z795_HUMAN	NA	NA	NA
Q59GE4	Q59GE4	Q59GE4_HUMAN	NA	NA	NA
K7ERE2	K7ERE2	K7ERE2_HUMAN	TMEM106A	TMEM106A	113277
B4DVD7	B4DVD7	B4DVD7_HUMAN	EIF3K EIF3S12	EIF3K	27335
A0A3S9JHM1	A0A3S9JHM1	A0A3S9JHM1_HUMAN	COX2	COX2	4513
C9JZK8	C9JZK8	C9JZK8_HUMAN	CRYZL1	CRYZL1	9946
A0A024QZ74	A0A024QZ74	A0A024QZ74_HUMAN	AGMAT hCG_25375	AGMAT	79814
B4DDF7	B4DDF7	B4DDF7_HUMAN	NA	NA	NA
A0A024R3E3	A0A024R3E3	A0A024R3E3_HUMAN	APOA1 hCG_41332	APOA1	335
A0A7I2YQQ3	A0A7I2YQQ3	A0A7I2YQQ3_HUMAN	GGH	GGH	8836
A0A024RBE7	A0A024RBE7	A0A024RBE7_HUMAN	TMPO hCG_2015322	TMPO	7112
A6PW56	A6PW56	A6PW56_HUMAN	PIP5K1A	PIP5K1A	8394
V9HWF9	V9HWF9	V9HWF9_HUMAN	HEL20	HEL20	10380
H0Y614	H0Y614	H0Y614_HUMAN	UFM1	UFM1	51569
A0A2R8YD14	A0A2R8YD14	A0A2R8YD14_HUMAN	RPS24 hCG_22610	RPS24	6229
A0A024R5S5	A0A024R5S5	A0A024R5S5_HUMAN	EIF3S1 EIF3J hCG_39324	EIF3S1	8669
Q6IBR0	Q6IBR0	Q6IBR0_HUMAN	RPN1	RPN1	6184
Q59FI9	Q59FI9	Q59FI9_HUMAN	NA	NA	NA
Q6IAW5	Q6IAW5	Q6IAW5_HUMAN	CALU hCG_41656 tcag7.422	CALU	813
A0A024R3J7	A0A024R3J7	A0A024R3J7_HUMAN	hCG_2032701	hCG_2032701	NA
A0A0G2JPA8	A0A0G2JPA8	A0A0G2JPA8_HUMAN	SERPINF2	SERPINF2	5345
A0A5P8PBC0	A0A5P8PBC0	A0A5P8PBC0_HUMAN	SUMO6 hCG_1766780	SUMO6	NA
Q59EJ3	Q59EJ3	Q59EJ3_HUMAN	NA	NA	NA
A0A7I2V2Q8	A0A7I2V2Q8	A0A7I2V2Q8_HUMAN	CTSC	CTSC	1075
A0A0S2Z471	A0A0S2Z471	A0A0S2Z471_HUMAN	CKB hCG_25499	CKB	1152
A0A384P5L2	A0A384P5L2	A0A384P5L2_HUMAN	NA	NA	NA
Q5JR95	Q5JR95	Q5JR95_HUMAN	RPS8	RPS8	6202
Q4W5E0	Q4W5E0	Q4W5E0_HUMAN	MOB4A	MOB4A	NA
X6RAC9	X6RAC9	X6RAC9_HUMAN	EIF1AX	EIF1AX	1964
A0A140VK00	A0A140VK00	A0A140VK00_HUMAN	NA	NA	563
A0A024R0L6	A0A024R0L6	A0A024R0L6_HUMAN	PAFAH1B3 hCG_21889	PAFAH1B3	5050
Q2F838	Q2F838	Q2F838_HUMAN	NA	NA	NA
Q96QL0	Q96QL0	Q96QL0_HUMAN	RPL3	RPL3	6122
Q53FP0	Q53FP0	Q53FP0_HUMAN	NA	NA	NA
B2R6X6	B2R6X6	B2R6X6_HUMAN	NA	NA	NA
Q13876	Q13876	Q13876_HUMAN	BPGF-1	BPGF-1	5768
V9HW72	V9HW72	V9HW72_HUMAN	HEL-S-94n STIP1 hCG_21368	HEL-S-94n	10963
A0A7P0S5H5	A0A7P0S5H5	A0A7P0S5H5_HUMAN	RPS20	RPS20	6224
D6R956	D6R956	D6R956_HUMAN	UCHL1	UCHL1	7345
Q6FHP5	Q6FHP5	Q6FHP5_HUMAN	PHB	PHB	5245
Q53GA0	Q53GA0	Q53GA0_HUMAN	NA	NA	NA
B4DRC8	B4DRC8	B4DRC8_HUMAN	NA	NA	NA
Q96J80	Q96J80	Q96J80_HUMAN	MERP1	MERP1	54749
A0A024R7G6	A0A024R7G6	A0A024R7G6_HUMAN	EPS15L1 hCG_36964	EPS15L1	58513
A0PJH2	A0PJH2	A0PJH2_HUMAN	ATP5H	ATP5H	10476
A0A024RB72	A0A024RB72	A0A024RB72_HUMAN	COPZ1 hCG_2017593	COPZ1	22818
Q53G71	Q53G71	Q53G71_HUMAN	NA	NA	NA
B4DDT6	B4DDT6	B4DDT6_HUMAN	NA	NA	NA
B1AJY5	B1AJY5	B1AJY5_HUMAN	PSMD10	PSMD10	5716
A0A2R8Y491	A0A2R8Y491	A0A2R8Y491_HUMAN	ESRRB	ESRRB	2103
A0A024R4U3	A0A024R4U3	A0A024R4U3_HUMAN	TTLL12 hCG_1988246	TTLL12	23170
B7Z4K8	B7Z4K8	B7Z4K8_HUMAN	NA	NA	NA
H3BTB7	H3BTB7	H3BTB7_HUMAN	EARS2	EARS2	124454
C9JVW8	C9JVW8	C9JVW8_HUMAN	ATP6V1A	ATP6V1A	523
Q8N2U3	Q8N2U3	Q8N2U3_HUMAN	PRSS3	PRSS3	5646
Q9P0G2	Q9P0G2	Q9P0G2_HUMAN	NA	NA	NA
A0A087WYT3	A0A087WYT3	A0A087WYT3_HUMAN	PTGES3	PTGES3	10728
X5DNC0	X5DNC0	X5DNC0_HUMAN	ALDH5A1	ALDH5A1	7915
F4ZW62	F4ZW62	F4ZW62_HUMAN	NA	NA	3608
H3BRV9	H3BRV9	H3BRV9_HUMAN	NUTF2	NUTF2	10204
A0A024R094	A0A024R094	A0A024R094_HUMAN	PAIP1 hCG_1751685	PAIP1	10605
B2R5H5	B2R5H5	B2R5H5_HUMAN	LSM3	LSM3	27258
A8K670	A8K670	A8K670_HUMAN	NA	NA	NA
Q8TAS0	Q8TAS0	Q8TAS0_HUMAN	NA	NA	509
A0A804HJ17	A0A804HJ17	A0A804HJ17_HUMAN	TPP1	TPP1	1200
Q6FGJ9	Q6FGJ9	Q6FGJ9_HUMAN	GSTM3 hCG_40244	GSTM3	2947
H3BUI0	H3BUI0	H3BUI0_HUMAN	IST1	IST1	9798
B3KQG6	B3KQG6	B3KQG6_HUMAN	NA	NA	NA
Q53ZP9	Q53ZP9	Q53ZP9_HUMAN	NA	NA	NA
A8K5Y7	A8K5Y7	A8K5Y7_HUMAN	NA	NA	NA
A0A024R0H7	A0A024R0H7	A0A024R0H7_HUMAN	WDR77 hCG_39991	WDR77	79084
G3V580	G3V580	G3V580_HUMAN	PRMT5	PRMT5	10419
Q12771	Q12771	Q12771_HUMAN	NA	NA	NA
B4DUL5	B4DUL5	B4DUL5_HUMAN	NA	NA	NA
G3V448	G3V448	G3V448_HUMAN	TMX1	TMX1	81542
A8KA83	A8KA83	A8KA83_HUMAN	NA	NA	NA
A0A8C8KBL6	A0A8C8KBL6	A0A8C8KBL6_HUMAN	ITGA6	ITGA6	3655
A0A6Q8KRG2	A0A6Q8KRG2	A0A6Q8KRG2_HUMAN	GOLGA2	GOLGA2	2801
A0A024R7L5	A0A024R7L5	A0A024R7L5_HUMAN	UPF1 hCG_37042	UPF1	5976
Q6AZ91	Q6AZ91	Q6AZ91_HUMAN	RAB6B	RAB6B	51560
V9HWC4	V9HWC4	V9HWC4_HUMAN	HEL-S-132P PHPT1 hCG_2021985	HEL-S-132P	29085
B7Z899	B7Z899	B7Z899_HUMAN	NA	NA	9520
V9HW38	V9HW38	V9HW38_HUMAN	HEL-S-106	HEL-S-106	NA
C9J0E4	C9J0E4	C9J0E4_HUMAN	CSTA	CSTA	1475
A0A140VJS9	A0A140VJS9	A0A140VJS9_HUMAN	NA	NA	5499
A0A140VK45	A0A140VK45	A0A140VK45_HUMAN	NA	NA	5689
Q53G72	Q53G72	Q53G72_HUMAN	NA	NA	NA
F5H793	F5H793	F5H793_HUMAN	LDHB	LDHB	3945
Q53GQ2	Q53GQ2	Q53GQ2_HUMAN	NA	NA	NA
F8W1R7	F8W1R7	F8W1R7_HUMAN	MYL6	MYL6	4637
H7C4H2	H7C4H2	H7C4H2_HUMAN	SRPRB	SRPRB	58477
B4DMT8	B4DMT8	B4DMT8_HUMAN	NA	NA	NA
V9HWA6	V9HWA6	V9HWA6_HUMAN	HEL32	HEL32	11034
Q53YD7	Q53YD7	Q53YD7_HUMAN	EEF1G hCG_2039458	EEF1G	1937
H0YMV8	H0YMV8	H0YMV8_HUMAN	RPS27L	RPS27L	51065
Q6FID4	Q6FID4	Q6FID4_HUMAN	SARA1	SARA1	NA
V9HWB2	V9HWB2	V9HWB2_HUMAN	HEL-S-20 GAMT hCG_21569	HEL-S-20	2593
Q6LAP8	Q6LAP8	Q6LAP8_HUMAN	NA	NA	NA
Q59GX2	Q59GX2	Q59GX2_HUMAN	NA	NA	6513
H0YEL0	H0YEL0	H0YEL0_HUMAN	GEMIN2	GEMIN2	8487
A0A024R897	A0A024R897	A0A024R897_HUMAN	ARPC5L hCG_29225	ARPC5L	81873
V9GYU3	V9GYU3	V9GYU3_HUMAN	METTL4	METTL4	64863
B3KM36	B3KM36	B3KM36_HUMAN	NA	NA	NA
Q6IAT2	Q6IAT2	Q6IAT2_HUMAN	GCSH	GCSH	2653
Q6FH17	Q6FH17	Q6FH17_HUMAN	ARF6	ARF6	382
Q7Z4Y4	Q7Z4Y4	Q7Z4Y4_HUMAN	AK3	AK3	50808
A0A024R6G4	A0A024R6G4	A0A024R6G4_HUMAN	ALDH6A1 hCG_21723	ALDH6A1	4329
A0A087WWT1	A0A087WWT1	A0A087WWT1_HUMAN	SDHB	SDHB	6390
A0A0G2JRQ5	A0A0G2JRQ5	A0A0G2JRQ5_HUMAN	GSTT1	GSTT1	2952
A0A024R8R3	A0A024R8R3	A0A024R8R3_HUMAN	CDK3 hCG_40885	CDK3	1018
A0A024QZY1	A0A024QZY1	A0A024QZY1_HUMAN	JTV1 hCG_2008782	JTV1	7965
A0A1C7CYX9	A0A1C7CYX9	A0A1C7CYX9_HUMAN	DPYSL2	DPYSL2	1808
Q5VY30	Q5VY30	Q5VY30_HUMAN	RBP4 hCG_37964	RBP4	5950
A0A140VKF2	A0A140VKF2	A0A140VKF2_HUMAN	NA	NA	10213
B4DEM9	B4DEM9	B4DEM9_HUMAN	POLDIP2	POLDIP2	26073
M0QYT0	M0QYT0	M0QYT0_HUMAN	NA	NA	NA
Q9UPE4	Q9UPE4	Q9UPE4_HUMAN	hTIM44	hTIM44	NA
V9HW31	V9HW31	V9HW31_HUMAN	HEL-S-271	HEL-S-271	506
A0A140VK73	A0A140VK73	A0A140VK73_HUMAN	NA	NA	51477
A0A494C0K8	A0A494C0K8	A0A494C0K8_HUMAN	IGSF1	IGSF1	3547
H0Y512	H0Y512	H0Y512_HUMAN	APMAP	APMAP	57136
A0A140VJS3	A0A140VJS3	A0A140VJS3_HUMAN	NA	NA	5705
Q659G3	Q659G3	Q659G3_HUMAN	SRP9 DKFZp564M2223	SRP9	6726
A0A024R573	A0A024R573	A0A024R573_HUMAN	ASRGL1 hCG_1731264	ASRGL1	80150
A0A024R7B7	A0A024R7B7	A0A024R7B7_HUMAN	CDC37 hCG_28478	CDC37	11140
Q59GW6	Q59GW6	Q59GW6_HUMAN	NA	NA	NA
B4DMT5	B4DMT5	B4DMT5_HUMAN	EIF3F EIF3S5	EIF3F	8665
H3BSJ9	H3BSJ9	H3BSJ9_HUMAN	UQCRC2	UQCRC2	7385
B4DP50	B4DP50	B4DP50_HUMAN	NA	NA	NA
D6RF62	D6RF62	D6RF62_HUMAN	PAICS hCG_2027161	PAICS	10606
Q5U0D2	Q5U0D2	Q5U0D2_HUMAN	TAGLN DKFZp686P11128 hCG_2032895	TAGLN	6876
A8K503	A8K503	A8K503_HUMAN	NA	NA	7329
H0YII4	H0YII4	H0YII4_HUMAN	DDI2	DDI2	84301
A0A140VJZ4	A0A140VJZ4	A0A140VJZ4_HUMAN	NA	NA	7347
Q6FGB3	Q6FGB3	Q6FGB3_HUMAN	PCBD	PCBD	NA
C9JPP3	C9JPP3	C9JPP3_HUMAN	RBBP4	RBBP4	5928
A2A2M0	A2A2M0	A2A2M0_HUMAN	RPRD1B	RPRD1B	58490
A8K987	A8K987	A8K987_HUMAN	NA	NA	2939
F8W031	F8W031	F8W031_HUMAN	NA	NA	NA
D6RBD7	D6RBD7	D6RBD7_HUMAN	EEF1E1 hCG_15559	EEF1E1	9521
A8K7J3	A8K7J3	A8K7J3_HUMAN	NA	NA	NA
A0A7P0Z4B9	A0A7P0Z4B9	A0A7P0Z4B9_HUMAN	DDB1	DDB1	1642
A0A1A9C7B7	A0A1A9C7B7	A0A1A9C7B7_HUMAN	BCAM	BCAM	4059
B4DIZ2	B4DIZ2	B4DIZ2_HUMAN	NA	NA	3093
A0A2R8Y540	A0A2R8Y540	A0A2R8Y540_HUMAN	CISD2	CISD2	493856
Q86W17	Q86W17	Q86W17_HUMAN	PRSS1	PRSS1	5644
Q86WV2	Q86WV2	Q86WV2_HUMAN	COX4I1	COX4I1	1327
Q8WYI2	Q8WYI2	Q8WYI2_HUMAN	MST024	MST024	NA
B2R4C5	B2R4C5	B2R4C5_HUMAN	LYZF1 LYZ hCG_24462	LYZF1	4069
A0A024QZN2	A0A024QZN2	A0A024QZN2_HUMAN	hCG_2024613	hCG_2024613	23234
B4DXI8	B4DXI8	B4DXI8_HUMAN	NA	NA	NA
Q549M8	Q549M8	Q549M8_HUMAN	C14orf166 hCG_22667	C14orf166	51637
C9J8P9	C9J8P9	C9J8P9_HUMAN	CLTA	CLTA	1211
B4DNR3	B4DNR3	B4DNR3_HUMAN	NA	NA	NA
B4DKN9	B4DKN9	B4DKN9_HUMAN	NA	NA	387
I4AY87	I4AY87	I4AY87_HUMAN	MIF	MIF	4282
I3L1R7	I3L1R7	I3L1R7_HUMAN	PCYT2	PCYT2	5833
A8K781	A8K781	A8K781_HUMAN	NA	NA	NA
A6NKB8	A6NKB8	A6NKB8_HUMAN	RNPEP	RNPEP	6051
C9JAK5	C9JAK5	C9JAK5_HUMAN	ARF4	ARF4	378
A0A023T787	A0A023T787	A0A023T787_HUMAN	RBM8 RBM8A Y14	RBM8	9939
Q59F44	Q59F44	Q59F44_HUMAN	NA	NA	NA
A0A494C0J7	A0A494C0J7	A0A494C0J7_HUMAN	NA	NA	NA
D6RBS5	D6RBS5	D6RBS5_HUMAN	ELMOD2	ELMOD2	255520
A0A024RDL9	A0A024RDL9	A0A024RDL9_HUMAN	PSPH hCG_1811513	PSPH	5723
Q53FE8	Q53FE8	Q53FE8_HUMAN	NA	NA	55968
A0A0C4MVT1	A0A0C4MVT1	A0A0C4MVT1_HUMAN	Bax	Bax	NA
E9PGT1	E9PGT1	E9PGT1_HUMAN	TSN	TSN	7247
A0A140VKA9	A0A140VKA9	A0A140VKA9_HUMAN	NA	NA	5860
Q9Y3B5	Q9Y3B5	Q9Y3B5_HUMAN	NA	NA	NA
A0A3B3IUA2	A0A3B3IUA2	A0A3B3IUA2_HUMAN	SNU13	SNU13	4809
H0YI31	H0YI31	H0YI31_HUMAN	USP15	USP15	9958
M0R0P7	M0R0P7	M0R0P7_HUMAN	RPL18A	RPL18A	6142
R4GMY8	R4GMY8	R4GMY8_HUMAN	ELOC	ELOC	6921
A0A075B6F6	A0A075B6F6	A0A075B6F6_HUMAN	HM13	HM13	81502
A0MNN4	A0MNN4	A0MNN4_HUMAN	SMU1 hCG_30278	SMU1	55234
V9HWH6	V9HWH6	V9HWH6_HUMAN	HEL-S-156an	HEL-S-156an	4860
Q6FGD7	Q6FGD7	Q6FGD7_HUMAN	TBCA hCG_2016016	TBCA	6902
A0A024RDV7	A0A024RDV7	A0A024RDV7_HUMAN	KPNA3 hCG_2020517	KPNA3	3839
A0A384MDT9	A0A384MDT9	A0A384MDT9_HUMAN	NA	NA	51218
A0A384MR27	A0A384MR27	A0A384MR27_HUMAN	NA	NA	3956
A0A804HJ86	A0A804HJ86	A0A804HJ86_HUMAN	UBA5	UBA5	79876
A8K0D2	A8K0D2	A8K0D2_HUMAN	NA	NA	NA
A0A0S2Z4R1	A0A0S2Z4R1	A0A0S2Z4R1_HUMAN	YARS	YARS	8565
A0A804HJZ7	A0A804HJZ7	A0A804HJZ7_HUMAN	RNASET2	RNASET2	8635
A0A804CD06	A0A804CD06	A0A804CD06_HUMAN	PTPA PPP2R4 hCG_30599	PTPA	5524
B4DKZ2	B4DKZ2	B4DKZ2_HUMAN	NA	NA	NA
Q68E05	Q68E05	Q68E05_HUMAN	DKFZp686A1765 TPD52L2 hCG_22755	DKFZp686A1765	7165
A0A5F9UP49	A0A5F9UP49	A0A5F9UP49_HUMAN	SDF4	SDF4	51150
H0YKC5	H0YKC5	H0YKC5_HUMAN	DUT	DUT	1854
K7EKM4	K7EKM4	K7EKM4_HUMAN	SRM	SRM	6723
A0A5C2GY12	A0A5C2GY12	A0A5C2GY12_HUMAN	NA	NA	NA
A4D0R1	A4D0R1	A4D0R1_HUMAN	SYPL SYPL1 hCG_16932 tcag7.98	SYPL	6856
Q4ZFX3	Q4ZFX3	Q4ZFX3_HUMAN	VSNL1	VSNL1	7447
B4E3A8	B4E3A8	B4E3A8_HUMAN	NA	NA	NA
A0A0G2JQH2	A0A0G2JQH2	A0A0G2JQH2_HUMAN	RPS18	RPS18	6222
B4DEI4	B4DEI4	B4DEI4_HUMAN	NA	NA	NA
A0A140VJF4	A0A140VJF4	A0A140VJF4_HUMAN	NA	NA	644
A0A7S5EWL0	A0A7S5EWL0	A0A7S5EWL0_HUMAN	NA	NA	NA
A0A7I2V4H4	A0A7I2V4H4	A0A7I2V4H4_HUMAN	DCTN2	DCTN2	10540
L0R6E1	L0R6E1	L0R6E1_HUMAN	CACNA2D2	CACNA2D2	9254
A5Y5A3	A5Y5A3	A5Y5A3_HUMAN	NA	NA	NA
B4DE46	B4DE46	B4DE46_HUMAN	NA	NA	NA
V9GZS1	V9GZS1	V9GZS1_HUMAN	NA	NA	NA
A0A384ME16	A0A384ME16	A0A384ME16_HUMAN	NA	NA	NA
J3QS36	J3QS36	J3QS36_HUMAN	DCXR	DCXR	51181
K7ESL0	K7ESL0	K7ESL0_HUMAN	SRM	SRM	6723
B4E1K8	B4E1K8	B4E1K8_HUMAN	EIF3D EIF3S7	EIF3D	8664
B4DXF1	B4DXF1	B4DXF1_HUMAN	NA	NA	NA
Q53HB3	Q53HB3	Q53HB3_HUMAN	NA	NA	NA
Q9NTB4	Q9NTB4	Q9NTB4_HUMAN	DKFZp434M052	DKFZp434M052	NA
B9EG96	B9EG96	B9EG96_HUMAN	CDH26	CDH26	60437
Q53GF9	Q53GF9	Q53GF9_HUMAN	NA	NA	NA
B1AQP2	B1AQP2	B1AQP2_HUMAN	PFDN2 hCG_1995291	PFDN2	5202
B2R8D1	B2R8D1	B2R8D1_HUMAN	NA	NA	NA
B2RBY8	B2RBY8	B2RBY8_HUMAN	NA	NA	NA
A0A3B3IRI2	A0A3B3IRI2	A0A3B3IRI2_HUMAN	CTPS1	CTPS1	1503
A0A2R8Y549	A0A2R8Y549	A0A2R8Y549_HUMAN	PATJ	PATJ	10207
M0R2N5	M0R2N5	M0R2N5_HUMAN	TECR	TECR	9524
A0A384P5L6	A0A384P5L6	A0A384P5L6_HUMAN	NA	NA	2184
J3KND8	J3KND8	J3KND8_HUMAN	PAH	PAH	5053
Q53FA5	Q53FA5	Q53FA5_HUMAN	NA	NA	NA
A0A024R071	A0A024R071	A0A024R071_HUMAN	NUP155 hCG_37558	NUP155	9631
A0A7P0TB55	A0A7P0TB55	A0A7P0TB55_HUMAN	ACADM	ACADM	34
A0A087WWM0	A0A087WWM0	A0A087WWM0_HUMAN	TRAPPC3	TRAPPC3	27095
A0A024QZJ2	A0A024QZJ2	A0A024QZJ2_HUMAN	UBE2D1 hCG_40954	UBE2D1	7321
Q8N995	Q8N995	Q8N995_HUMAN	NA	NA	NA
A4D198	A4D198	A4D198_HUMAN	LOC392647 tcag7.1028	LOC392647	NA
G3V2S9	G3V2S9	G3V2S9_HUMAN	SLIRP	SLIRP	81892
E9PC05	E9PC05	E9PC05_HUMAN	ILKAP	ILKAP	80895
A8K878	A8K878	A8K878_HUMAN	NA	NA	7873
B2R806	B2R806	B2R806_HUMAN	EIF3E EIF3S6 INT6	EIF3E	3646
H0YEB6	H0YEB6	H0YEB6_HUMAN	ZNRD2	ZNRD2	10534
A0A7I2V439	A0A7I2V439	A0A7I2V439_HUMAN	CTSH	CTSH	1512
F8WJN3	F8WJN3	F8WJN3_HUMAN	CPSF6	CPSF6	11052
A0A024R1S8	A0A024R1S8	A0A024R1S8_HUMAN	LASP1 hCG_31400	LASP1	3927
B2R802	B2R802	B2R802_HUMAN	NA	NA	NA
A0A0G2JM12	A0A0G2JM12	A0A0G2JM12_HUMAN	CSNK2B	CSNK2B	1460
B7Z4P9	B7Z4P9	B7Z4P9_HUMAN	RAB18	RAB18	22931
A0A0U1RQV5	A0A0U1RQV5	A0A0U1RQV5_HUMAN	NA	NA	NA
Q05D26	Q05D26	Q05D26_HUMAN	BLK	BLK	640
B7Z8Q2	B7Z8Q2	B7Z8Q2_HUMAN	NA	NA	NA
J3KNF4	J3KNF4	J3KNF4_HUMAN	CCS	CCS	9973
A8K4V4	A8K4V4	A8K4V4_HUMAN	NA	NA	84545
E7ET33	E7ET33	E7ET33_HUMAN	ITIH3	ITIH3	3699
V9HW55	V9HW55	V9HW55_HUMAN	HEL-S-275	HEL-S-275	NA
Q6NSD4	Q6NSD4	Q6NSD4_HUMAN	GPX1	GPX1	2876
Q0VDC6	Q0VDC6	Q0VDC6_HUMAN	FKBP1A	FKBP1A	2280
H3BU49	H3BU49	H3BU49_HUMAN	ARL2BP	ARL2BP	23568
B4DRF2	B4DRF2	B4DRF2_HUMAN	NA	NA	3426
A0A286YEW9	A0A286YEW9	A0A286YEW9_HUMAN	MAPK10	MAPK10	5602
A0A024RAI1	A0A024RAI1	A0A024RAI1_HUMAN	ACTR3 hCG_26669	ACTR3	10096
B3KSL3	B3KSL3	B3KSL3_HUMAN	NA	NA	NA
A0A024R7V6	A0A024R7V6	A0A024R7V6_HUMAN	RAB2 hCG_40714	RAB2	5862
Q8WVC2	Q8WVC2	Q8WVC2_HUMAN	RPS21	RPS21	6227
A0A0S2Z5B1	A0A0S2Z5B1	A0A0S2Z5B1_HUMAN	SLC39A14	SLC39A14	23516
E9PIT3	E9PIT3	E9PIT3_HUMAN	F2	F2	2147
A0A2R8Y855	A0A2R8Y855	A0A2R8Y855_HUMAN	SMARCE1	SMARCE1	6605
A0A087WX29	A0A087WX29	A0A087WX29_HUMAN	TARDBP	TARDBP	23435
H0Y8X4	H0Y8X4	H0Y8X4_HUMAN	DNPH1	DNPH1	10591
E9PDU6	E9PDU6	E9PDU6_HUMAN	CNN3	CNN3	1266
A0A024R201	A0A024R201	A0A024R201_HUMAN	PSMD13 hCG_37689	PSMD13	5719
B4DNA0	B4DNA0	B4DNA0_HUMAN	NA	NA	NA
Q8IZX9	Q8IZX9	Q8IZX9_HUMAN	NA	NA	NA
J3KN29	J3KN29	J3KN29_HUMAN	PSMD9	PSMD9	5715
K7EL16	K7EL16	K7EL16_HUMAN	HSPBP1	HSPBP1	23640
B4DMN1	B4DMN1	B4DMN1_HUMAN	NA	NA	NA
Q5W0H4	Q5W0H4	Q5W0H4_HUMAN	TPT1	TPT1	7178
B2R858	B2R858	B2R858_HUMAN	NA	NA	1656
A0A024QZF1	A0A024QZF1	A0A024QZF1_HUMAN	hCG_19665	hCG_19665	23636
A6NP46	A6NP46	A6NP46_HUMAN	GK	GK	2710
H3BRQ0	H3BRQ0	H3BRQ0_HUMAN	PPCDC	PPCDC	60490
B2RD36	B2RD36	B2RD36_HUMAN	NA	NA	NA
V6A6E5	V6A6E5	V6A6E5_HUMAN	HLA-C	HLA-C	3107
U3KQG9	U3KQG9	U3KQG9_HUMAN	PGPEP1	PGPEP1	54858
B4DFK1	B4DFK1	B4DFK1_HUMAN	NA	NA	NA
C9J8Q1	C9J8Q1	C9J8Q1_HUMAN	NFU1	NFU1	27247
A0A7I2V697	A0A7I2V697	A0A7I2V697_HUMAN	SGTA	SGTA	6449
B4DMK6	B4DMK6	B4DMK6_HUMAN	NA	NA	NA
B4DSF0	B4DSF0	B4DSF0_HUMAN	NA	NA	NA
Q53HL1	Q53HL1	Q53HL1_HUMAN	NA	NA	NA
B7ZBH1	B7ZBH1	B7ZBH1_HUMAN	EIF6	EIF6	3692
D6RFH4	D6RFH4	D6RFH4_HUMAN	CYB5B	CYB5B	80777
A0A024RAA5	A0A024RAA5	A0A024RAA5_HUMAN	CDC42 hCG_1981007	CDC42	998
A0A087X1Z3	A0A087X1Z3	A0A087X1Z3_HUMAN	PSME2	PSME2	5721
A0A384MTZ4	A0A384MTZ4	A0A384MTZ4_HUMAN	NA	NA	NA
B0AZV0	B0AZV0	B0AZV0_HUMAN	NA	NA	11171
K7ES25	K7ES25	K7ES25_HUMAN	PEPD	PEPD	5184
A0A024R7J7	A0A024R7J7	A0A024R7J7_HUMAN	DDA1 hCG_2039968	DDA1	79016
A0A0G2JQN5	A0A0G2JQN5	A0A0G2JQN5_HUMAN	ADI1	ADI1	55256
Q58F09	Q58F09	Q58F09_HUMAN	GCS1	GCS1	7841
B7Z212	B7Z212	B7Z212_HUMAN	HMGCLL1	HMGCLL1	54511
B2CIS9	B2CIS9	B2CIS9_HUMAN	CASP14 hCG_38589	CASP14	23581
A0A024R4X7	A0A024R4X7	A0A024R4X7_HUMAN	hCG_1989366	hCG_1989366	10762
A0A087X1A9	A0A087X1A9	A0A087X1A9_HUMAN	SEC22B	SEC22B	9554
E5KN55	E5KN55	E5KN55_HUMAN	NA	NA	5481
B3KXM2	B3KXM2	B3KXM2_HUMAN	NA	NA	NA
Q6FGZ3	Q6FGZ3	Q6FGZ3_HUMAN	EPHX1	EPHX1	2052
B2RAH7	B2RAH7	B2RAH7_HUMAN	NA	NA	5550
B4DUG4	B4DUG4	B4DUG4_HUMAN	NA	NA	NA
B4DWC1	B4DWC1	B4DWC1_HUMAN	NA	NA	3176
B7ZLP8	B7ZLP8	B7ZLP8_HUMAN	TARS3 TARSL2	TARS3	123283
F8W9G7	F8W9G7	F8W9G7_HUMAN	HAT1	HAT1	8520
A0A096LNZ9	A0A096LNZ9	A0A096LNZ9_HUMAN	ISG15	ISG15	9636
Q6IAT9	Q6IAT9	Q6IAT9_HUMAN	PSMB6 hCG_32695	PSMB6	5694
A1MMZ0	A1MMZ0	A1MMZ0_HUMAN	LOC92689 hCG_39019	LOC92689	92689
A0A7I2V4I6	A0A7I2V4I6	A0A7I2V4I6_HUMAN	HNRNPA2B1	HNRNPA2B1	3181
H0YI09	H0YI09	H0YI09_HUMAN	TMT1A	TMT1A	NA
Q7Z4W8	Q7Z4W8	Q7Z4W8_HUMAN	NA	NA	NA
B4DH12	B4DH12	B4DH12_HUMAN	NA	NA	NA
H0YA22	H0YA22	H0YA22_HUMAN	NA	NA	NA
A0A0G2JQK5	A0A0G2JQK5	A0A0G2JQK5_HUMAN	NXN	NXN	64359
B4DLC0	B4DLC0	B4DLC0_HUMAN	NA	NA	NA
A0A024R565	A0A024R565	A0A024R565_HUMAN	HSPC152 hCG_23383	HSPC152	51504
Q9P1Y0	Q9P1Y0	Q9P1Y0_HUMAN	HNMT	HNMT	3176
A0A286YF37	A0A286YF37	A0A286YF37_HUMAN	FBXO2	FBXO2	26232
A0A494C0X0	A0A494C0X0	A0A494C0X0_HUMAN	TBCB	TBCB	1155
B7ZA10	B7ZA10	B7ZA10_HUMAN	NA	NA	27236
A0A0S2Z4H2	A0A0S2Z4H2	A0A0S2Z4H2_HUMAN	S100A1	S100A1	6271
A4D0V4	A4D0V4	A4D0V4_HUMAN	CAPZA2 hCG_37884 tcag7.31	CAPZA2	830
V9HWG1	V9HWG1	V9HWG1_HUMAN	HEL-S-134P	HEL-S-134P	8991
A0A0J9YW37	A0A0J9YW37	A0A0J9YW37_HUMAN	MAP4	MAP4	4134
B7Z2P6	B7Z2P6	B7Z2P6_HUMAN	NA	NA	NA
B7Z9H7	B7Z9H7	B7Z9H7_HUMAN	STK32A	STK32A	202374
B4DWT6	B4DWT6	B4DWT6_HUMAN	NA	NA	NA
B4DN80	B4DN80	B4DN80_HUMAN	NA	NA	NA
Q5TZV8	Q5TZV8	Q5TZV8_HUMAN	NA	NA	NA
E9PPL7	E9PPL7	E9PPL7_HUMAN	CCKBR	CCKBR	887
H3BS65	H3BS65	H3BS65_HUMAN	PIAS1	PIAS1	8554
L0R6D0	L0R6D0	L0R6D0_HUMAN	ASPN	ASPN	54829
